ark_key,display_code,id,image,image_back,legacy_id,name,numeric_id,series,series_group,status,type
M5F,0070M5F,YW-ARK-0001,https://raw.githubusercontent.com/NFCSPOOFER/YWAPI/main/images/ark/front/YW-ARK-0001.png,https://raw.githubusercontent.com/NFCSPOOFER/YWAPI/main/images/ark/back/YW-ARK-0001.png,YKW-ARK-0001,Kappa,28707,Series 1 - Open! First Door,Shadowside Yo-kai Keystone Series,confirmed,Ark
M3M,0005M3M,YW-ARK-0002,https://raw.githubusercontent.com/NFCSPOOFER/YWAPI/main/images/ark/front/YW-ARK-0002.png,https://raw.githubusercontent.com/NFCSPOOFER/YWAPI/main/images/ark/back/YW-ARK-0002.png,YKW-ARK-0002,Junior/Burning Dragon,28642,Series 1 - Open! First Door,Shadowside Yo-kai Keystone Series,confirmed,Ark
M4D,0032M4D,YW-ARK-0003,https://raw.githubusercontent.com/NFCSPOOFER/YWAPI/main/images/ark/front/YW-ARK-0003.png,https://raw.githubusercontent.com/NFCSPOOFER/YWAPI/main/images/ark/back/YW-ARK-0003.png,YKW-ARK-0003,Super Sly/Mitsumata Ghidorah,28669,Series 1 - Open! First Door,Shadowside Yo-kai Keystone Series,confirmed,Ark
MAO,0259MAO,YW-ARK-0004,https://raw.githubusercontent.com/NFCSPOOFER/YWAPI/main/images/ark/front/YW-ARK-0004.png,https://raw.githubusercontent.com/NFCSPOOFER/YWAPI/main/images/ark/back/YW-ARK-0004.png,YKW-ARK-0004,Kyubi,28896,Series 1 - Open! First Door,Shadowside Yo-kai Keystone Series,confirmed,Ark
M3J,0002M3J,YW-ARK-0005,https://raw.githubusercontent.com/NFCSPOOFER/YWAPI/main/images/ark/front/YW-ARK-0005.png,https://raw.githubusercontent.com/NFCSPOOFER/YWAPI/main/images/ark/back/YW-ARK-0005.png,YKW-ARK-0005,Komasan,28639,Series 1 - Open! First Door,Shadowside Yo-kai Keystone Series,confirmed,Ark
M46,0025M46,YW-ARK-0006,https://raw.githubusercontent.com/NFCSPOOFER/YWAPI/main/images/ark/front/YW-ARK-0006.png,https://raw.githubusercontent.com/NFCSPOOFER/YWAPI/main/images/ark/back/YW-ARK-0006.png,YKW-ARK-0006,Blizzaria,28662,Series 1 - Open! First Door,Shadowside Yo-kai Keystone Series,confirmed,Ark
M4A,0029M4A,YW-ARK-0007,https://raw.githubusercontent.com/NFCSPOOFER/YWAPI/main/images/ark/front/YW-ARK-0007.png,https://raw.githubusercontent.com/NFCSPOOFER/YWAPI/main/images/ark/back/YW-ARK-0007.png,YKW-ARK-0007,Kyubi,28666,Series 1 - Open! First Door,Shadowside Yo-kai Keystone Series,single_scan,Ark
M3L,0004M3L,YW-ARK-0008,https://raw.githubusercontent.com/NFCSPOOFER/YWAPI/main/images/ark/front/YW-ARK-0008.png,https://raw.githubusercontent.com/NFCSPOOFER/YWAPI/main/images/ark/back/YW-ARK-0008.png,YKW-ARK-0008,Junior,28641,Series 1 - Open! First Door,Shadowside Yo-kai Keystone Series,confirmed,Ark
M3K,0003M3K,YW-ARK-0009,https://raw.githubusercontent.com/NFCSPOOFER/YWAPI/main/images/ark/front/YW-ARK-0009.png,https://raw.githubusercontent.com/NFCSPOOFER/YWAPI/main/images/ark/back/YW-ARK-0009.png,YKW-ARK-0009,Bancho/Basher,28640,Series 1 - Open! First Door,Shadowside Yo-kai Keystone Series,single_scan,Ark
M3S,0011M3S,YW-ARK-0010,https://raw.githubusercontent.com/NFCSPOOFER/YWAPI/main/images/ark/front/YW-ARK-0010.png,https://raw.githubusercontent.com/NFCSPOOFER/YWAPI/main/images/ark/back/YW-ARK-0010.png,YKW-ARK-0010,Charlie/Ghostcycle,28648,Series 1 - Open! First Door,Shadowside Yo-kai Keystone Series,confirmed,Ark
M3U,0013M3U,YW-ARK-0011,https://raw.githubusercontent.com/NFCSPOOFER/YWAPI/main/images/ark/front/YW-ARK-0011.png,https://raw.githubusercontent.com/NFCSPOOFER/YWAPI/main/images/ark/back/YW-ARK-0011.png,YKW-ARK-0011,Jinta/Jingeki,28650,Series 1 - Open! First Door,Shadowside Yo-kai Keystone Series,confirmed,Ark
M3W,0015M3W,YW-ARK-0012,https://raw.githubusercontent.com/NFCSPOOFER/YWAPI/main/images/ark/front/YW-ARK-0012.png,https://raw.githubusercontent.com/NFCSPOOFER/YWAPI/main/images/ark/back/YW-ARK-0012.png,YKW-ARK-0012,Lucky/Dogman,28652,Series 1 - Open! First Door,Shadowside Yo-kai Keystone Series,confirmed,Ark
M3Y,0017M3Y,YW-ARK-0013,https://raw.githubusercontent.com/NFCSPOOFER/YWAPI/main/images/ark/front/YW-ARK-0013.png,https://raw.githubusercontent.com/NFCSPOOFER/YWAPI/main/images/ark/back/YW-ARK-0013.png,YKW-ARK-0013,Honmaguro-taishou/Neptuna,28654,Series 1 - Open! First Door,Shadowside Yo-kai Keystone Series,confirmed,Ark
M3Z,0018M3Z,YW-ARK-0014,https://raw.githubusercontent.com/NFCSPOOFER/YWAPI/main/images/ark/front/YW-ARK-0014.png,https://raw.githubusercontent.com/NFCSPOOFER/YWAPI/main/images/ark/back/YW-ARK-0014.png,YKW-ARK-0014,Mushbarber/Kirisaki Joker,28655,Series 1 - Open! First Door,Shadowside Yo-kai Keystone Series,confirmed,Ark
M43,0022M43,YW-ARK-0015,https://raw.githubusercontent.com/NFCSPOOFER/YWAPI/main/images/ark/front/YW-ARK-0015.png,https://raw.githubusercontent.com/NFCSPOOFER/YWAPI/main/images/ark/back/YW-ARK-0015.png,YKW-ARK-0015,Lord Ananta,28659,Series 2 - Shine! Debut of the Shining Yo-kai Keystones!!,Shadowside Yo-kai Keystone Series,confirmed,Ark
M42,0021M42,YW-ARK-0016,https://raw.githubusercontent.com/NFCSPOOFER/YWAPI/main/images/ark/front/YW-ARK-0016.png,https://raw.githubusercontent.com/NFCSPOOFER/YWAPI/main/images/ark/back/YW-ARK-0016.png,YKW-ARK-0016,Shutendoji,28658,Series 2 - Shine! Debut of the Shining Yo-kai Keystones!!,Shadowside Yo-kai Keystone Series,confirmed,Ark
M5H,0072M5H,YW-ARK-0017,https://raw.githubusercontent.com/NFCSPOOFER/YWAPI/main/images/ark/front/YW-ARK-0017.png,https://raw.githubusercontent.com/NFCSPOOFER/YWAPI/main/images/ark/back/YW-ARK-0017.png,YKW-ARK-0017,Suu-san,28709,Series 2 - Shine! Debut of the Shining Yo-kai Keystones!!,Shadowside Yo-kai Keystone Series,conflict,Ark
M4U,0049M4U,YW-ARK-0018,https://raw.githubusercontent.com/NFCSPOOFER/YWAPI/main/images/ark/front/YW-ARK-0018.png,https://raw.githubusercontent.com/NFCSPOOFER/YWAPI/main/images/ark/back/YW-ARK-0018.png,YKW-ARK-0018,"Ogu, Togu & Mogu",28686,Series 2 - Shine! Debut of the Shining Yo-kai Keystones!!,Shadowside Yo-kai Keystone Series,confirmed,Ark
MAQ,0261MAQ,YW-ARK-0019,https://raw.githubusercontent.com/NFCSPOOFER/YWAPI/main/images/ark/front/YW-ARK-0019.png,https://raw.githubusercontent.com/NFCSPOOFER/YWAPI/main/images/ark/back/YW-ARK-0019.png,YKW-ARK-0019,Orochi,28898,Series 2 - Shine! Debut of the Shining Yo-kai Keystones!!,Shadowside Yo-kai Keystone Series,single_scan,Ark
,,YW-ARK-0020,https://raw.githubusercontent.com/NFCSPOOFER/YWAPI/main/images/ark/front/YW-ARK-0020.png,https://raw.githubusercontent.com/NFCSPOOFER/YWAPI/main/images/ark/back/YW-ARK-0020.png,YKW-ARK-0020,Merameraion,,Series 2 - Shine! Debut of the Shining Yo-kai Keystones!!,Shadowside Yo-kai Keystone Series,missing,Ark
M48,0027M48,YW-ARK-0021,https://raw.githubusercontent.com/NFCSPOOFER/YWAPI/main/images/ark/front/YW-ARK-0021.png,https://raw.githubusercontent.com/NFCSPOOFER/YWAPI/main/images/ark/back/YW-ARK-0021.png,YKW-ARK-0021,Seiryuu,28664,Series 2 - Shine! Debut of the Shining Yo-kai Keystones!!,Shadowside Yo-kai Keystone Series,confirmed,Ark
M4B,0030M4B,YW-ARK-0022,https://raw.githubusercontent.com/NFCSPOOFER/YWAPI/main/images/ark/front/YW-ARK-0022.png,https://raw.githubusercontent.com/NFCSPOOFER/YWAPI/main/images/ark/back/YW-ARK-0022.png,YKW-ARK-0022,Orochi,28667,Series 2 - Shine! Debut of the Shining Yo-kai Keystones!!,Shadowside Yo-kai Keystone Series,confirmed,Ark
M44,0023M44,YW-ARK-0023,https://raw.githubusercontent.com/NFCSPOOFER/YWAPI/main/images/ark/front/YW-ARK-0023.png,https://raw.githubusercontent.com/NFCSPOOFER/YWAPI/main/images/ark/back/YW-ARK-0023.png,YKW-ARK-0023,Sly/Slimamander,28660,Series 2 - Shine! Debut of the Shining Yo-kai Keystones!!,Shadowside Yo-kai Keystone Series,confirmed,Ark
M41,0020M41,YW-ARK-0024,https://raw.githubusercontent.com/NFCSPOOFER/YWAPI/main/images/ark/front/YW-ARK-0024.png,https://raw.githubusercontent.com/NFCSPOOFER/YWAPI/main/images/ark/back/YW-ARK-0024.png,YKW-ARK-0024,Voidera,28657,Series 2 - Shine! Debut of the Shining Yo-kai Keystones!!,Shadowside Yo-kai Keystone Series,confirmed,Ark
M3V,0014M3V,YW-ARK-0025,https://raw.githubusercontent.com/NFCSPOOFER/YWAPI/main/images/ark/front/YW-ARK-0025.png,https://raw.githubusercontent.com/NFCSPOOFER/YWAPI/main/images/ark/back/YW-ARK-0025.png,YKW-ARK-0025,Pakkun/Gaburiel,28651,Series 2 - Shine! Debut of the Shining Yo-kai Keystones!!,Shadowside Yo-kai Keystone Series,confirmed,Ark
M3X,0016M3X,YW-ARK-0026,https://raw.githubusercontent.com/NFCSPOOFER/YWAPI/main/images/ark/front/YW-ARK-0026.png,https://raw.githubusercontent.com/NFCSPOOFER/YWAPI/main/images/ark/back/YW-ARK-0026.png,YKW-ARK-0026,Tidynator,28653,Series 2 - Shine! Debut of the Shining Yo-kai Keystones!!,Shadowside Yo-kai Keystone Series,single_scan,Ark
M45,0024M45,YW-ARK-0027,https://raw.githubusercontent.com/NFCSPOOFER/YWAPI/main/images/ark/front/YW-ARK-0027.png,https://raw.githubusercontent.com/NFCSPOOFER/YWAPI/main/images/ark/back/YW-ARK-0027.png,YKW-ARK-0027,Himoji,28661,Series 2 - Shine! Debut of the Shining Yo-kai Keystones!!,Shadowside Yo-kai Keystone Series,confirmed,Ark
M4Q,0045M4Q,YW-ARK-0028,https://raw.githubusercontent.com/NFCSPOOFER/YWAPI/main/images/ark/front/YW-ARK-0028.png,https://raw.githubusercontent.com/NFCSPOOFER/YWAPI/main/images/ark/back/YW-ARK-0028.png,YKW-ARK-0028,Inari/Tatarigitsune,28682,Series 2 - Shine! Debut of the Shining Yo-kai Keystones!!,Shadowside Yo-kai Keystone Series,confirmed,Ark
M4S,0047M4S,YW-ARK-0029,https://raw.githubusercontent.com/NFCSPOOFER/YWAPI/main/images/ark/front/YW-ARK-0029.png,https://raw.githubusercontent.com/NFCSPOOFER/YWAPI/main/images/ark/back/YW-ARK-0029.png,YKW-ARK-0029,Semicolon/Bugaboo,28684,Series 2 - Shine! Debut of the Shining Yo-kai Keystones!!,Shadowside Yo-kai Keystone Series,single_scan,Ark
,,YW-ARK-0030,https://raw.githubusercontent.com/NFCSPOOFER/YWAPI/main/images/ark/front/YW-ARK-0030.png,https://raw.githubusercontent.com/NFCSPOOFER/YWAPI/main/images/ark/back/YW-ARK-0030.png,YKW-ARK-0030,Bushinyan,,Series 3 - Obtain them! Legendary Yo-kai!,Shadowside Yo-kai Keystone Series,missing,Ark
,,YW-ARK-0031,https://raw.githubusercontent.com/NFCSPOOFER/YWAPI/main/images/ark/front/YW-ARK-0031.png,https://raw.githubusercontent.com/NFCSPOOFER/YWAPI/main/images/ark/back/YW-ARK-0031.png,YKW-ARK-0031,Bushinyan,,Series 3 - Obtain them! Legendary Yo-kai!,Shadowside Yo-kai Keystone Series,missing,Ark
M51,0056M51,YW-ARK-0032,https://raw.githubusercontent.com/NFCSPOOFER/YWAPI/main/images/ark/front/YW-ARK-0032.png,https://raw.githubusercontent.com/NFCSPOOFER/YWAPI/main/images/ark/back/YW-ARK-0032.png,YKW-ARK-0032,Komasan & Komajiro,28693,Series 3 - Obtain them! Legendary Yo-kai!,Shadowside Yo-kai Keystone Series,confirmed,Ark
M4E,0033M4E,YW-ARK-0033,https://raw.githubusercontent.com/NFCSPOOFER/YWAPI/main/images/ark/front/YW-ARK-0033.png,https://raw.githubusercontent.com/NFCSPOOFER/YWAPI/main/images/ark/back/YW-ARK-0033.png,YKW-ARK-0033,Mafura Jibanyan,28670,Series 3 - Obtain them! Legendary Yo-kai!,Shadowside Yo-kai Keystone Series,confirmed,Ark
M6F,0106M6F,YW-ARK-0034,https://raw.githubusercontent.com/NFCSPOOFER/YWAPI/main/images/ark/front/YW-ARK-0034.png,https://raw.githubusercontent.com/NFCSPOOFER/YWAPI/main/images/ark/back/YW-ARK-0034.png,YKW-ARK-0034,Tsuchinoko,28743,Series 3 - Obtain them! Legendary Yo-kai!,Shadowside Yo-kai Keystone Series,confirmed,Ark
M5G,0071M5G,YW-ARK-0035,https://raw.githubusercontent.com/NFCSPOOFER/YWAPI/main/images/ark/front/YW-ARK-0035.png,https://raw.githubusercontent.com/NFCSPOOFER/YWAPI/main/images/ark/back/YW-ARK-0035.png,YKW-ARK-0035,Zashiki-warashi,28708,Series 3 - Obtain them! Legendary Yo-kai!,Shadowside Yo-kai Keystone Series,confirmed,Ark
M52,0057M52,YW-ARK-0036,https://raw.githubusercontent.com/NFCSPOOFER/YWAPI/main/images/ark/front/YW-ARK-0036.png,https://raw.githubusercontent.com/NFCSPOOFER/YWAPI/main/images/ark/back/YW-ARK-0036.png,YKW-ARK-0036,Tsuchigumo,28694,Series 3 - Obtain them! Legendary Yo-kai!,Shadowside Yo-kai Keystone Series,confirmed,Ark
M54,0059M54,YW-ARK-0037,https://raw.githubusercontent.com/NFCSPOOFER/YWAPI/main/images/ark/front/YW-ARK-0037.png,https://raw.githubusercontent.com/NFCSPOOFER/YWAPI/main/images/ark/back/YW-ARK-0037.png,YKW-ARK-0037,Ogama,28696,Series 3 - Obtain them! Legendary Yo-kai!,Shadowside Yo-kai Keystone Series,confirmed,Ark
M59,0064M59,YW-ARK-0038,https://raw.githubusercontent.com/NFCSPOOFER/YWAPI/main/images/ark/front/YW-ARK-0038.png,https://raw.githubusercontent.com/NFCSPOOFER/YWAPI/main/images/ark/back/YW-ARK-0038.png,YKW-ARK-0038,Tsuchinoko,28701,Series 3 - Obtain them! Legendary Yo-kai!,Shadowside Yo-kai Keystone Series,confirmed,Ark
M3T,0012M3T,YW-ARK-0039,https://raw.githubusercontent.com/NFCSPOOFER/YWAPI/main/images/ark/front/YW-ARK-0039.png,https://raw.githubusercontent.com/NFCSPOOFER/YWAPI/main/images/ark/back/YW-ARK-0039.png,YKW-ARK-0039,Hot Pot/Shiryou no Dokudoku-nabe,28649,Series 3 - Obtain them! Legendary Yo-kai!,Shadowside Yo-kai Keystone Series,confirmed,Ark
M47,0026M47,YW-ARK-0040,https://raw.githubusercontent.com/NFCSPOOFER/YWAPI/main/images/ark/front/YW-ARK-0040.png,https://raw.githubusercontent.com/NFCSPOOFER/YWAPI/main/images/ark/back/YW-ARK-0040.png,YKW-ARK-0040,Rai Oton,28663,Series 3 - Obtain them! Legendary Yo-kai!,Shadowside Yo-kai Keystone Series,confirmed,Ark
M4P,0044M4P,YW-ARK-0041,https://raw.githubusercontent.com/NFCSPOOFER/YWAPI/main/images/ark/front/YW-ARK-0041.png,https://raw.githubusercontent.com/NFCSPOOFER/YWAPI/main/images/ark/back/YW-ARK-0041.png,YKW-ARK-0041,Komajiro,28681,Series 3 - Obtain them! Legendary Yo-kai!,Shadowside Yo-kai Keystone Series,confirmed,Ark
M4R,0046M4R,YW-ARK-0042,https://raw.githubusercontent.com/NFCSPOOFER/YWAPI/main/images/ark/front/YW-ARK-0042.png,https://raw.githubusercontent.com/NFCSPOOFER/YWAPI/main/images/ark/back/YW-ARK-0042.png,YKW-ARK-0042,Shibumenken/Menkueater,28683,Series 3 - Obtain them! Legendary Yo-kai!,Shadowside Yo-kai Keystone Series,confirmed,Ark
M4T,0048M4T,YW-ARK-0043,https://raw.githubusercontent.com/NFCSPOOFER/YWAPI/main/images/ark/front/YW-ARK-0043.png,https://raw.githubusercontent.com/NFCSPOOFER/YWAPI/main/images/ark/back/YW-ARK-0043.png,YKW-ARK-0043,Filmlin/Eigalien,28685,Series 3 - Obtain them! Legendary Yo-kai!,Shadowside Yo-kai Keystone Series,confirmed,Ark
M4Y,0053M4Y,YW-ARK-0044,https://raw.githubusercontent.com/NFCSPOOFER/YWAPI/main/images/ark/front/YW-ARK-0044.png,https://raw.githubusercontent.com/NFCSPOOFER/YWAPI/main/images/ark/back/YW-ARK-0044.png,YKW-ARK-0044,Ikarin/Gesodrill,28690,Series 3 - Obtain them! Legendary Yo-kai!,Shadowside Yo-kai Keystone Series,confirmed,Ark
M4Z,0054M4Z,YW-ARK-0045,https://raw.githubusercontent.com/NFCSPOOFER/YWAPI/main/images/ark/front/YW-ARK-0045.png,https://raw.githubusercontent.com/NFCSPOOFER/YWAPI/main/images/ark/back/YW-ARK-0045.png,YKW-ARK-0045,Leon/Dr. Chameleon,28691,Series 3 - Obtain them! Legendary Yo-kai!,Shadowside Yo-kai Keystone Series,confirmed,Ark
M6A,0101M6A,YW-ARK-0046,https://raw.githubusercontent.com/NFCSPOOFER/YWAPI/main/images/ark/front/YW-ARK-0046.png,https://raw.githubusercontent.com/NFCSPOOFER/YWAPI/main/images/ark/back/YW-ARK-0046.png,YKW-ARK-0046,Unchikuma,28738,Series 4 - Door to the Unknown,Shadowside Yo-kai Keystone Series,single_scan,Ark
M71,0128M71,YW-ARK-0047,https://raw.githubusercontent.com/NFCSPOOFER/YWAPI/main/images/ark/front/YW-ARK-0047.png,https://raw.githubusercontent.com/NFCSPOOFER/YWAPI/main/images/ark/back/YW-ARK-0047.png,YKW-ARK-0047,Shurakoma,28765,Series 4 - Door to the Unknown,Shadowside Yo-kai Keystone Series,confirmed,Ark
M3N,0006M3N,YW-ARK-0048,https://raw.githubusercontent.com/NFCSPOOFER/YWAPI/main/images/ark/front/YW-ARK-0048.png,https://raw.githubusercontent.com/NFCSPOOFER/YWAPI/main/images/ark/back/YW-ARK-0048.png,YKW-ARK-0048,Junior/Blizzard Wolf,28643,Series 4 - Door to the Unknown,Shadowside Yo-kai Keystone Series,confirmed,Ark
M6I,0109M6I,YW-ARK-0049,https://raw.githubusercontent.com/NFCSPOOFER/YWAPI/main/images/ark/front/YW-ARK-0049.png,https://raw.githubusercontent.com/NFCSPOOFER/YWAPI/main/images/ark/back/YW-ARK-0049.png,YKW-ARK-0049,Todoroki Rai Oton,28746,Series 4 - Door to the Unknown,Shadowside Yo-kai Keystone Series,confirmed,Ark
M6Y,0125M6Y,YW-ARK-0050,https://raw.githubusercontent.com/NFCSPOOFER/YWAPI/main/images/ark/front/YW-ARK-0050.png,https://raw.githubusercontent.com/NFCSPOOFER/YWAPI/main/images/ark/back/YW-ARK-0050.png,YKW-ARK-0050,Inugami,28762,Series 4 - Door to the Unknown,Shadowside Yo-kai Keystone Series,confirmed,Ark
M6Z,0126M6Z,YW-ARK-0051,https://raw.githubusercontent.com/NFCSPOOFER/YWAPI/main/images/ark/front/YW-ARK-0051.png,https://raw.githubusercontent.com/NFCSPOOFER/YWAPI/main/images/ark/back/YW-ARK-0051.png,YKW-ARK-0051,Kage Orochi,28763,Series 4 - Door to the Unknown,Shadowside Yo-kai Keystone Series,single_scan,Ark
M6X,0124M6X,YW-ARK-0052,https://raw.githubusercontent.com/NFCSPOOFER/YWAPI/main/images/ark/front/YW-ARK-0052.png,https://raw.githubusercontent.com/NFCSPOOFER/YWAPI/main/images/ark/back/YW-ARK-0052.png,YKW-ARK-0052,Junior & Lil' Acala,28761,Series 4 - Door to the Unknown,Shadowside Yo-kai Keystone Series,single_scan,Ark
M70,0127M70,YW-ARK-0053,https://raw.githubusercontent.com/NFCSPOOFER/YWAPI/main/images/ark/front/YW-ARK-0053.png,https://raw.githubusercontent.com/NFCSPOOFER/YWAPI/main/images/ark/back/YW-ARK-0053.png,YKW-ARK-0053,Dianyan The Gemnyans,28764,Series 4 - Door to the Unknown,Shadowside Yo-kai Keystone Series,confirmed,Ark
M6W,0123M6W,YW-ARK-0054,https://raw.githubusercontent.com/NFCSPOOFER/YWAPI/main/images/ark/front/YW-ARK-0054.png,https://raw.githubusercontent.com/NFCSPOOFER/YWAPI/main/images/ark/back/YW-ARK-0054.png,YKW-ARK-0054,Jii-tan/Satan Claus,28760,Series 4 - Door to the Unknown,Shadowside Yo-kai Keystone Series,confirmed,Ark
M57,0062M57,YW-ARK-0055,https://raw.githubusercontent.com/NFCSPOOFER/YWAPI/main/images/ark/front/YW-ARK-0055.png,https://raw.githubusercontent.com/NFCSPOOFER/YWAPI/main/images/ark/back/YW-ARK-0055.png,YKW-ARK-0055,Inugami,28699,Series 4 - Door to the Unknown,Shadowside Yo-kai Keystone Series,confirmed,Ark
M58,0063M58,YW-ARK-0056,https://raw.githubusercontent.com/NFCSPOOFER/YWAPI/main/images/ark/front/YW-ARK-0056.png,https://raw.githubusercontent.com/NFCSPOOFER/YWAPI/main/images/ark/back/YW-ARK-0056.png,YKW-ARK-0056,Kage Orochi,28700,Series 4 - Door to the Unknown,Shadowside Yo-kai Keystone Series,confirmed,Ark
M4X,0052M4X,YW-ARK-0057,https://raw.githubusercontent.com/NFCSPOOFER/YWAPI/main/images/ark/front/YW-ARK-0057.png,https://raw.githubusercontent.com/NFCSPOOFER/YWAPI/main/images/ark/back/YW-ARK-0057.png,YKW-ARK-0057,Atsushi Kamamoto/Kamadouma,28689,Series 4 - Door to the Unknown,Shadowside Yo-kai Keystone Series,confirmed,Ark
M50,0055M50,YW-ARK-0058,https://raw.githubusercontent.com/NFCSPOOFER/YWAPI/main/images/ark/front/YW-ARK-0058.png,https://raw.githubusercontent.com/NFCSPOOFER/YWAPI/main/images/ark/back/YW-ARK-0058.png,YKW-ARK-0058,Hana-chan/Ohana-san,28692,Series 4 - Door to the Unknown,Shadowside Yo-kai Keystone Series,confirmed,Ark
M6S,0119M6S,YW-ARK-0059,https://raw.githubusercontent.com/NFCSPOOFER/YWAPI/main/images/ark/front/YW-ARK-0059.png,https://raw.githubusercontent.com/NFCSPOOFER/YWAPI/main/images/ark/back/YW-ARK-0059.png,YKW-ARK-0059,Sebas-chan/Jeannie,28756,Series 4 - Door to the Unknown,Shadowside Yo-kai Keystone Series,confirmed,Ark
M6T,0120M6T,YW-ARK-0060,https://raw.githubusercontent.com/NFCSPOOFER/YWAPI/main/images/ark/front/YW-ARK-0060.png,https://raw.githubusercontent.com/NFCSPOOFER/YWAPI/main/images/ark/back/YW-ARK-0060.png,YKW-ARK-0060,Wakame-kun,28757,Series 4 - Door to the Unknown,Shadowside Yo-kai Keystone Series,confirmed,Ark
M6U,0121M6U,YW-ARK-0061,https://raw.githubusercontent.com/NFCSPOOFER/YWAPI/main/images/ark/front/YW-ARK-0061.png,https://raw.githubusercontent.com/NFCSPOOFER/YWAPI/main/images/ark/back/YW-ARK-0061.png,YKW-ARK-0061,Konbu-san,28758,Series 4 - Door to the Unknown,Shadowside Yo-kai Keystone Series,confirmed,Ark
M6V,0122M6V,YW-ARK-0062,https://raw.githubusercontent.com/NFCSPOOFER/YWAPI/main/images/ark/front/YW-ARK-0062.png,https://raw.githubusercontent.com/NFCSPOOFER/YWAPI/main/images/ark/back/YW-ARK-0062.png,YKW-ARK-0062,Mekabu-chan,28759,Series 4 - Door to the Unknown,Shadowside Yo-kai Keystone Series,single_scan,Ark
M7Q,0153M7Q,YW-ARK-0063,https://raw.githubusercontent.com/NFCSPOOFER/YWAPI/main/images/ark/front/YW-ARK-0063.png,https://raw.githubusercontent.com/NFCSPOOFER/YWAPI/main/images/ark/back/YW-ARK-0063.png,YKW-ARK-0063,Enma,28790,Series 5 - Strongest Yo-kai Appear!!,Shadowside Yo-kai Keystone Series,single_scan,Ark
M7R,0154M7R,YW-ARK-0064,https://raw.githubusercontent.com/NFCSPOOFER/YWAPI/main/images/ark/front/YW-ARK-0064.png,https://raw.githubusercontent.com/NFCSPOOFER/YWAPI/main/images/ark/back/YW-ARK-0064.png,YKW-ARK-0064,Zazel,28791,Series 5 - Strongest Yo-kai Appear!!,Shadowside Yo-kai Keystone Series,single_scan,Ark
M7P,0152M7P,YW-ARK-0065,https://raw.githubusercontent.com/NFCSPOOFER/YWAPI/main/images/ark/front/YW-ARK-0065.png,https://raw.githubusercontent.com/NFCSPOOFER/YWAPI/main/images/ark/back/YW-ARK-0065.png,YKW-ARK-0065,Yamabuki Oni,28789,Series 5 - Strongest Yo-kai Appear!!,Shadowside Yo-kai Keystone Series,single_scan,Ark
M7O,0151M7O,YW-ARK-0066,https://raw.githubusercontent.com/NFCSPOOFER/YWAPI/main/images/ark/front/YW-ARK-0066.png,https://raw.githubusercontent.com/NFCSPOOFER/YWAPI/main/images/ark/back/YW-ARK-0066.png,YKW-ARK-0066,Voidera,28788,Series 5 - Strongest Yo-kai Appear!!,Shadowside Yo-kai Keystone Series,single_scan,Ark
M7M,0149M7M,YW-ARK-0067,https://raw.githubusercontent.com/NFCSPOOFER/YWAPI/main/images/ark/front/YW-ARK-0067.png,https://raw.githubusercontent.com/NFCSPOOFER/YWAPI/main/images/ark/back/YW-ARK-0067.png,YKW-ARK-0067,"Whisper 2040, Junior & Lil' Acala",28786,Series 5 - Strongest Yo-kai Appear!!,Shadowside Yo-kai Keystone Series,single_scan,Ark
M7L,0148M7L,YW-ARK-0068,https://raw.githubusercontent.com/NFCSPOOFER/YWAPI/main/images/ark/front/YW-ARK-0068.png,https://raw.githubusercontent.com/NFCSPOOFER/YWAPI/main/images/ark/back/YW-ARK-0068.png,YKW-ARK-0068,Hyakki-hime,28785,Series 5 - Strongest Yo-kai Appear!!,Shadowside Yo-kai Keystone Series,single_scan,Ark
M7U,0157M7U,YW-ARK-0069,https://raw.githubusercontent.com/NFCSPOOFER/YWAPI/main/images/ark/front/YW-ARK-0069.png,https://raw.githubusercontent.com/NFCSPOOFER/YWAPI/main/images/ark/back/YW-ARK-0069.png,YKW-ARK-0069,Voidera & Shutendoji,28794,Series 5 - Strongest Yo-kai Appear!!,Shadowside Yo-kai Keystone Series,confirmed,Ark
M7N,0150M7N,YW-ARK-0070,https://raw.githubusercontent.com/NFCSPOOFER/YWAPI/main/images/ark/front/YW-ARK-0070.png,https://raw.githubusercontent.com/NFCSPOOFER/YWAPI/main/images/ark/back/YW-ARK-0070.png,YKW-ARK-0070,Melonyan The Fruitnyans,28787,Series 5 - Strongest Yo-kai Appear!!,Shadowside Yo-kai Keystone Series,single_scan,Ark
M4C,0031M4C,YW-ARK-0071,https://raw.githubusercontent.com/NFCSPOOFER/YWAPI/main/images/ark/front/YW-ARK-0071.png,https://raw.githubusercontent.com/NFCSPOOFER/YWAPI/main/images/ark/back/YW-ARK-0071.png,YKW-ARK-0071,Whisper 2040,28668,Series 5 - Strongest Yo-kai Appear!!,Shadowside Yo-kai Keystone Series,confirmed,Ark
M56,0061M56,YW-ARK-0072,https://raw.githubusercontent.com/NFCSPOOFER/YWAPI/main/images/ark/front/YW-ARK-0072.png,https://raw.githubusercontent.com/NFCSPOOFER/YWAPI/main/images/ark/back/YW-ARK-0072.png,YKW-ARK-0072,Hyakki-hime,28698,Series 5 - Strongest Yo-kai Appear!!,Shadowside Yo-kai Keystone Series,single_scan,Ark
M7K,0147M7K,YW-ARK-0073,https://raw.githubusercontent.com/NFCSPOOFER/YWAPI/main/images/ark/front/YW-ARK-0073.png,https://raw.githubusercontent.com/NFCSPOOFER/YWAPI/main/images/ark/back/YW-ARK-0073.png,YKW-ARK-0073,Shield of Brightness/Darkness,28784,Series 5 - Strongest Yo-kai Appear!!,Shadowside Yo-kai Keystone Series,confirmed,Ark
M7E,0141M7E,YW-ARK-0074,https://raw.githubusercontent.com/NFCSPOOFER/YWAPI/main/images/ark/front/YW-ARK-0074.png,https://raw.githubusercontent.com/NFCSPOOFER/YWAPI/main/images/ark/back/YW-ARK-0074.png,YKW-ARK-0074,Anzen-bouya/Nitanita-san,28778,Series 5 - Strongest Yo-kai Appear!!,Shadowside Yo-kai Keystone Series,confirmed,Ark
M7F,0142M7F,YW-ARK-0075,https://raw.githubusercontent.com/NFCSPOOFER/YWAPI/main/images/ark/front/YW-ARK-0075.png,https://raw.githubusercontent.com/NFCSPOOFER/YWAPI/main/images/ark/back/YW-ARK-0075.png,YKW-ARK-0075,Momy/Hitotsuri Momi-no-ki,28779,Series 5 - Strongest Yo-kai Appear!!,Shadowside Yo-kai Keystone Series,confirmed,Ark
M7G,0143M7G,YW-ARK-0076,https://raw.githubusercontent.com/NFCSPOOFER/YWAPI/main/images/ark/front/YW-ARK-0076.png,https://raw.githubusercontent.com/NFCSPOOFER/YWAPI/main/images/ark/back/YW-ARK-0076.png,YKW-ARK-0076,Chokichi/Yamikichi,28780,Series 5 - Strongest Yo-kai Appear!!,Shadowside Yo-kai Keystone Series,confirmed,Ark
M7H,0144M7H,YW-ARK-0077,https://raw.githubusercontent.com/NFCSPOOFER/YWAPI/main/images/ark/front/YW-ARK-0077.png,https://raw.githubusercontent.com/NFCSPOOFER/YWAPI/main/images/ark/back/YW-ARK-0077.png,YKW-ARK-0077,Umataro/Umazura,28781,Series 5 - Strongest Yo-kai Appear!!,Shadowside Yo-kai Keystone Series,confirmed,Ark
M7I,0145M7I,YW-ARK-0078,https://raw.githubusercontent.com/NFCSPOOFER/YWAPI/main/images/ark/front/YW-ARK-0078.png,https://raw.githubusercontent.com/NFCSPOOFER/YWAPI/main/images/ark/back/YW-ARK-0078.png,YKW-ARK-0078,Usakichi/Bunny Trap,28782,Series 5 - Strongest Yo-kai Appear!!,Shadowside Yo-kai Keystone Series,single_scan,Ark
M7J,0146M7J,YW-ARK-0079,https://raw.githubusercontent.com/NFCSPOOFER/YWAPI/main/images/ark/front/YW-ARK-0079.png,https://raw.githubusercontent.com/NFCSPOOFER/YWAPI/main/images/ark/back/YW-ARK-0079.png,YKW-ARK-0079,Chiyoko/Valentina,28783,Series 5 - Strongest Yo-kai Appear!!,Shadowside Yo-kai Keystone Series,confirmed,Ark
M5B,0066M5B,YW-ARK-0080,https://raw.githubusercontent.com/NFCSPOOFER/YWAPI/main/images/ark/front/YW-ARK-0080.png,https://raw.githubusercontent.com/NFCSPOOFER/YWAPI/main/images/ark/back/YW-ARK-0080.png,YKW-ARK-0080,Gusto/Neko'ou Bastet,28703,Zero Series 1 - The Other Side of the Silver Screen,Zero Series,confirmed,Ark
M5C,0067M5C,YW-ARK-0081,https://raw.githubusercontent.com/NFCSPOOFER/YWAPI/main/images/ark/front/YW-ARK-0081.png,https://raw.githubusercontent.com/NFCSPOOFER/YWAPI/main/images/ark/back/YW-ARK-0081.png,YKW-ARK-0081,Kappa/Kappaou Sagojou,28704,Zero Series 1 - The Other Side of the Silver Screen,Zero Series,confirmed,Ark
M5D,0068M5D,YW-ARK-0082,https://raw.githubusercontent.com/NFCSPOOFER/YWAPI/main/images/ark/front/YW-ARK-0082.png,https://raw.githubusercontent.com/NFCSPOOFER/YWAPI/main/images/ark/back/YW-ARK-0082.png,YKW-ARK-0082,Zashiki-Warashi/Tenguou Kurama,28705,Zero Series 1 - The Other Side of the Silver Screen,Zero Series,confirmed,Ark
M5K,0075M5K,YW-ARK-0083,https://raw.githubusercontent.com/NFCSPOOFER/YWAPI/main/images/ark/front/YW-ARK-0083.png,https://raw.githubusercontent.com/NFCSPOOFER/YWAPI/main/images/ark/back/YW-ARK-0083.png,YKW-ARK-0083,Yasha Enma Benibana,28712,Zero Series 1 - The Other Side of the Silver Screen,Zero Series,confirmed,Ark
M5L,0076M5L,YW-ARK-0084,https://raw.githubusercontent.com/NFCSPOOFER/YWAPI/main/images/ark/front/YW-ARK-0084.png,https://raw.githubusercontent.com/NFCSPOOFER/YWAPI/main/images/ark/back/YW-ARK-0084.png,YKW-ARK-0084,Yasha Enma Rasetsu,28713,Zero Series 1 - The Other Side of the Silver Screen,Zero Series,confirmed,Ark
M5I,0073M5I,YW-ARK-0085,https://raw.githubusercontent.com/NFCSPOOFER/YWAPI/main/images/ark/front/YW-ARK-0085.png,https://raw.githubusercontent.com/NFCSPOOFER/YWAPI/main/images/ark/back/YW-ARK-0085.png,YKW-ARK-0085,Shien,28710,Zero Series 1 - The Other Side of the Silver Screen,Zero Series,confirmed,Ark
M6J,0110M6J,YW-ARK-0086,https://raw.githubusercontent.com/NFCSPOOFER/YWAPI/main/images/ark/front/YW-ARK-0086.png,https://raw.githubusercontent.com/NFCSPOOFER/YWAPI/main/images/ark/back/YW-ARK-0086.png,YKW-ARK-0086,Kuro Oni,28747,Zero Series 1 - The Other Side of the Silver Screen,Zero Series,confirmed,Ark
M6K,0111M6K,YW-ARK-0087,https://raw.githubusercontent.com/NFCSPOOFER/YWAPI/main/images/ark/front/YW-ARK-0087.png,https://raw.githubusercontent.com/NFCSPOOFER/YWAPI/main/images/ark/back/YW-ARK-0087.png,YKW-ARK-0087,Kuro Oni,28748,Zero Series 1 - The Other Side of the Silver Screen,Zero Series,confirmed,Ark
M5M,0077M5M,YW-ARK-0088,https://raw.githubusercontent.com/NFCSPOOFER/YWAPI/main/images/ark/front/YW-ARK-0088.png,https://raw.githubusercontent.com/NFCSPOOFER/YWAPI/main/images/ark/back/YW-ARK-0088.png,YKW-ARK-0088,Kukuri-hime,28714,Zero Series 1 - The Other Side of the Silver Screen,Zero Series,confirmed,Ark
M5O,0079M5O,YW-ARK-0089,https://raw.githubusercontent.com/NFCSPOOFER/YWAPI/main/images/ark/front/YW-ARK-0089.png,https://raw.githubusercontent.com/NFCSPOOFER/YWAPI/main/images/ark/back/YW-ARK-0089.png,YKW-ARK-0089,Karasu Tengu,28716,Zero Series 1 - The Other Side of the Silver Screen,Zero Series,confirmed,Ark
M6L,0112M6L,YW-ARK-0090,https://raw.githubusercontent.com/NFCSPOOFER/YWAPI/main/images/ark/front/YW-ARK-0090.png,https://raw.githubusercontent.com/NFCSPOOFER/YWAPI/main/images/ark/back/YW-ARK-0090.png,YKW-ARK-0090,Karasu Tengu,28749,Zero Series 1 - The Other Side of the Silver Screen,Zero Series,confirmed,Ark
M6M,0113M6M,YW-ARK-0091,https://raw.githubusercontent.com/NFCSPOOFER/YWAPI/main/images/ark/front/YW-ARK-0091.png,https://raw.githubusercontent.com/NFCSPOOFER/YWAPI/main/images/ark/back/YW-ARK-0091.png,YKW-ARK-0091,Yamata no Orochi,28750,Zero Series 1 - The Other Side of the Silver Screen,Zero Series,confirmed,Ark
M6N,0114M6N,YW-ARK-0092,https://raw.githubusercontent.com/NFCSPOOFER/YWAPI/main/images/ark/front/YW-ARK-0092.png,https://raw.githubusercontent.com/NFCSPOOFER/YWAPI/main/images/ark/back/YW-ARK-0092.png,YKW-ARK-0092,Tamamo/Tamamo no Mae,28751,Zero Series 1 - The Other Side of the Silver Screen,Zero Series,confirmed,Ark
M5R,0082M5R,YW-ARK-0093,https://raw.githubusercontent.com/NFCSPOOFER/YWAPI/main/images/ark/front/YW-ARK-0093.png,https://raw.githubusercontent.com/NFCSPOOFER/YWAPI/main/images/ark/back/YW-ARK-0093.png,YKW-ARK-0093,Yamambaa/Yamamba,28719,Zero Series 1 - The Other Side of the Silver Screen,Zero Series,confirmed,Ark
M6O,0115M6O,YW-ARK-0094,https://raw.githubusercontent.com/NFCSPOOFER/YWAPI/main/images/ark/front/YW-ARK-0094.png,https://raw.githubusercontent.com/NFCSPOOFER/YWAPI/main/images/ark/back/YW-ARK-0094.png,YKW-ARK-0094,Hovernyan,28752,Zero Series 1 - The Other Side of the Silver Screen,Zero Series,confirmed,Ark
,,YW-ARK-0095,https://raw.githubusercontent.com/NFCSPOOFER/YWAPI/main/images/ark/front/YW-ARK-0095.png,https://raw.githubusercontent.com/NFCSPOOFER/YWAPI/main/images/ark/back/YW-ARK-0095.png,YKW-ARK-0095,Yamambaa/Gesshin Tsukuyomi,,Zero Series 2 - Sun and Moon God,Zero Series,missing,Ark
,,YW-ARK-0096,https://raw.githubusercontent.com/NFCSPOOFER/YWAPI/main/images/ark/front/YW-ARK-0096.png,https://raw.githubusercontent.com/NFCSPOOFER/YWAPI/main/images/ark/back/YW-ARK-0096.png,YKW-ARK-0096,Kenshin Amaterasu,,Zero Series 2 - Sun and Moon God,Zero Series,missing,Ark
M74,0131M74,YW-ARK-0097,https://raw.githubusercontent.com/NFCSPOOFER/YWAPI/main/images/ark/front/YW-ARK-0097.png,https://raw.githubusercontent.com/NFCSPOOFER/YWAPI/main/images/ark/back/YW-ARK-0097.png,YKW-ARK-0097,Yasha Enma,28768,Zero Series 2 - Sun and Moon God,Zero Series,single_scan,Ark
M75,0132M75,YW-ARK-0098,https://raw.githubusercontent.com/NFCSPOOFER/YWAPI/main/images/ark/front/YW-ARK-0098.png,https://raw.githubusercontent.com/NFCSPOOFER/YWAPI/main/images/ark/back/YW-ARK-0098.png,YKW-ARK-0098,Lord Enma,28769,Zero Series 2 - Sun and Moon God,Zero Series,single_scan,Ark
M76,0133M76,YW-ARK-0099,https://raw.githubusercontent.com/NFCSPOOFER/YWAPI/main/images/ark/front/YW-ARK-0099.png,https://raw.githubusercontent.com/NFCSPOOFER/YWAPI/main/images/ark/back/YW-ARK-0099.png,YKW-ARK-0099,Ancient Enma,28770,Zero Series 2 - Sun and Moon God,Zero Series,single_scan,Ark
M77,0134M77,YW-ARK-0100,https://raw.githubusercontent.com/NFCSPOOFER/YWAPI/main/images/ark/front/YW-ARK-0100.png,https://raw.githubusercontent.com/NFCSPOOFER/YWAPI/main/images/ark/back/YW-ARK-0100.png,YKW-ARK-0100,Nurarihyon,28771,Zero Series 2 - Sun and Moon God,Zero Series,single_scan,Ark
,,YW-ARK-0101,https://raw.githubusercontent.com/NFCSPOOFER/YWAPI/main/images/ark/front/YW-ARK-0101.png,https://raw.githubusercontent.com/NFCSPOOFER/YWAPI/main/images/ark/back/YW-ARK-0101.png,YKW-ARK-0101,Shutendoji,,Zero Series 2 - Sun and Moon God,Zero Series,missing,Ark
,,YW-ARK-0102,https://raw.githubusercontent.com/NFCSPOOFER/YWAPI/main/images/ark/front/YW-ARK-0102.png,https://raw.githubusercontent.com/NFCSPOOFER/YWAPI/main/images/ark/back/YW-ARK-0102.png,YKW-ARK-0102,Gusto,,Zero Series 2 - Sun and Moon God,Zero Series,missing,Ark
M7B,0138M7B,YW-ARK-0103,https://raw.githubusercontent.com/NFCSPOOFER/YWAPI/main/images/ark/front/YW-ARK-0103.png,https://raw.githubusercontent.com/NFCSPOOFER/YWAPI/main/images/ark/back/YW-ARK-0103.png,YKW-ARK-0103,Kappa,28775,Zero Series 2 - Sun and Moon God,Zero Series,single_scan,Ark
,,YW-ARK-0104,https://raw.githubusercontent.com/NFCSPOOFER/YWAPI/main/images/ark/front/YW-ARK-0104.png,https://raw.githubusercontent.com/NFCSPOOFER/YWAPI/main/images/ark/back/YW-ARK-0104.png,YKW-ARK-0104,Suu-san,,Zero Series 2 - Sun and Moon God,Zero Series,missing,Ark
M7C,0139M7C,YW-ARK-0105,https://raw.githubusercontent.com/NFCSPOOFER/YWAPI/main/images/ark/front/YW-ARK-0105.png,https://raw.githubusercontent.com/NFCSPOOFER/YWAPI/main/images/ark/back/YW-ARK-0105.png,YKW-ARK-0105,Zashiki-warashi,28776,Zero Series 2 - Sun and Moon God,Zero Series,confirmed,Ark
M6P,0116M6P,YW-ARK-0106,https://raw.githubusercontent.com/NFCSPOOFER/YWAPI/main/images/ark/front/YW-ARK-0106.png,https://raw.githubusercontent.com/NFCSPOOFER/YWAPI/main/images/ark/back/YW-ARK-0106.png,YKW-ARK-0106,Gusto/Kaibyou Kamaitachi,28753,Zero Series 2 - Sun and Moon God,Zero Series,confirmed,Ark
M8H,0180M8H,YW-ARK-0107,https://raw.githubusercontent.com/NFCSPOOFER/YWAPI/main/images/ark/front/YW-ARK-0107.png,https://raw.githubusercontent.com/NFCSPOOFER/YWAPI/main/images/ark/back/YW-ARK-0107.png,YKW-ARK-0107,Hovernyan Cao Cao,28817,Yo-kai Keystone K 01 - A Wobble Miracle!,Yo-kai Keystone K Series,confirmed,Ark
M8E,0177M8E,YW-ARK-0108,https://raw.githubusercontent.com/NFCSPOOFER/YWAPI/main/images/ark/front/YW-ARK-0108.png,https://raw.githubusercontent.com/NFCSPOOFER/YWAPI/main/images/ark/back/YW-ARK-0108.png,YKW-ARK-0108,Komasan & Komasan (SS),28814,Yo-kai Keystone K 01 - A Wobble Miracle!,Yo-kai Keystone K Series,confirmed,Ark
M8G,0179M8G,YW-ARK-0109,https://raw.githubusercontent.com/NFCSPOOFER/YWAPI/main/images/ark/front/YW-ARK-0109.png,https://raw.githubusercontent.com/NFCSPOOFER/YWAPI/main/images/ark/back/YW-ARK-0109.png,YKW-ARK-0109,Whisper Kongming,28816,Yo-kai Keystone K 01 - A Wobble Miracle!,Yo-kai Keystone K Series,single_scan,Ark
M8I,0181M8I,YW-ARK-0110,https://raw.githubusercontent.com/NFCSPOOFER/YWAPI/main/images/ark/front/YW-ARK-0110.png,https://raw.githubusercontent.com/NFCSPOOFER/YWAPI/main/images/ark/back/YW-ARK-0110.png,YKW-ARK-0110,Jibanyan/Sakuranyan,28818,Yo-kai Keystone K 01 - A Wobble Miracle!,Yo-kai Keystone K Series,confirmed,Ark
M8K,0183M8K,YW-ARK-0111,https://raw.githubusercontent.com/NFCSPOOFER/YWAPI/main/images/ark/front/YW-ARK-0111.png,https://raw.githubusercontent.com/NFCSPOOFER/YWAPI/main/images/ark/back/YW-ARK-0111.png,YKW-ARK-0111,Robonyan F & Keita F-gata,28820,Yo-kai Keystone K 01 - A Wobble Miracle!,Yo-kai Keystone K Series,confirmed,Ark
M8L,0184M8L,YW-ARK-0112,https://raw.githubusercontent.com/NFCSPOOFER/YWAPI/main/images/ark/front/YW-ARK-0112.png,https://raw.githubusercontent.com/NFCSPOOFER/YWAPI/main/images/ark/back/YW-ARK-0112.png,YKW-ARK-0112,Venoct/Venoct Zhou Yu,28821,Yo-kai Keystone K 01 - A Wobble Miracle!,Yo-kai Keystone K Series,single_scan,Ark
M8J,0182M8J,YW-ARK-0113,https://raw.githubusercontent.com/NFCSPOOFER/YWAPI/main/images/ark/front/YW-ARK-0113.png,https://raw.githubusercontent.com/NFCSPOOFER/YWAPI/main/images/ark/back/YW-ARK-0113.png,YKW-ARK-0113,Jibanyan/Jibanyans,28819,Yo-kai Keystone K 01 - A Wobble Miracle!,Yo-kai Keystone K Series,confirmed,Ark
M8F,0178M8F,YW-ARK-0114,https://raw.githubusercontent.com/NFCSPOOFER/YWAPI/main/images/ark/front/YW-ARK-0114.png,https://raw.githubusercontent.com/NFCSPOOFER/YWAPI/main/images/ark/back/YW-ARK-0114.png,YKW-ARK-0114,Komasan & Komajiro,28815,Yo-kai Keystone K 01 - A Wobble Miracle!,Yo-kai Keystone K Series,confirmed,Ark
M89,0172M89,YW-ARK-0115,https://raw.githubusercontent.com/NFCSPOOFER/YWAPI/main/images/ark/front/YW-ARK-0115.png,https://raw.githubusercontent.com/NFCSPOOFER/YWAPI/main/images/ark/back/YW-ARK-0115.png,YKW-ARK-0115,Signiton,28809,Yo-kai Keystone K 01 - A Wobble Miracle!,Yo-kai Keystone K Series,confirmed,Ark
M8A,0173M8A,YW-ARK-0116,https://raw.githubusercontent.com/NFCSPOOFER/YWAPI/main/images/ark/front/YW-ARK-0116.png,https://raw.githubusercontent.com/NFCSPOOFER/YWAPI/main/images/ark/back/YW-ARK-0116.png,YKW-ARK-0116,Bloominoko,28810,Yo-kai Keystone K 01 - A Wobble Miracle!,Yo-kai Keystone K Series,confirmed,Ark
M8B,0174M8B,YW-ARK-0117,https://raw.githubusercontent.com/NFCSPOOFER/YWAPI/main/images/ark/front/YW-ARK-0117.png,https://raw.githubusercontent.com/NFCSPOOFER/YWAPI/main/images/ark/back/YW-ARK-0117.png,YKW-ARK-0117,Venoct,28811,Yo-kai Keystone K 01 - A Wobble Miracle!,Yo-kai Keystone K Series,single_scan,Ark
M8C,0175M8C,YW-ARK-0118,https://raw.githubusercontent.com/NFCSPOOFER/YWAPI/main/images/ark/front/YW-ARK-0118.png,https://raw.githubusercontent.com/NFCSPOOFER/YWAPI/main/images/ark/back/YW-ARK-0118.png,YKW-ARK-0118,Kyubi,28812,Yo-kai Keystone K 01 - A Wobble Miracle!,Yo-kai Keystone K Series,single_scan,Ark
M8D,0176M8D,YW-ARK-0119,https://raw.githubusercontent.com/NFCSPOOFER/YWAPI/main/images/ark/front/YW-ARK-0119.png,https://raw.githubusercontent.com/NFCSPOOFER/YWAPI/main/images/ark/back/YW-ARK-0119.png,YKW-ARK-0119,Siro,28813,Yo-kai Keystone K 01 - A Wobble Miracle!,Yo-kai Keystone K Series,confirmed,Ark
M7Z,0162M7Z,YW-ARK-0120,https://raw.githubusercontent.com/NFCSPOOFER/YWAPI/main/images/ark/front/YW-ARK-0120.png,https://raw.githubusercontent.com/NFCSPOOFER/YWAPI/main/images/ark/back/YW-ARK-0120.png,YKW-ARK-0120,Manjimutt,28799,Yo-kai Keystone K 01 - A Wobble Miracle!,Yo-kai Keystone K Series,confirmed,Ark
M80,0163M80,YW-ARK-0121,https://raw.githubusercontent.com/NFCSPOOFER/YWAPI/main/images/ark/front/YW-ARK-0121.png,https://raw.githubusercontent.com/NFCSPOOFER/YWAPI/main/images/ark/back/YW-ARK-0121.png,YKW-ARK-0121,Hidabat,28800,Yo-kai Keystone K 01 - A Wobble Miracle!,Yo-kai Keystone K Series,single_scan,Ark
M81,0164M81,YW-ARK-0122,https://raw.githubusercontent.com/NFCSPOOFER/YWAPI/main/images/ark/front/YW-ARK-0122.png,https://raw.githubusercontent.com/NFCSPOOFER/YWAPI/main/images/ark/back/YW-ARK-0122.png,YKW-ARK-0122,Shakey,28801,Yo-kai Keystone K 01 - A Wobble Miracle!,Yo-kai Keystone K Series,confirmed,Ark
M82,0165M82,YW-ARK-0123,https://raw.githubusercontent.com/NFCSPOOFER/YWAPI/main/images/ark/front/YW-ARK-0123.png,https://raw.githubusercontent.com/NFCSPOOFER/YWAPI/main/images/ark/back/YW-ARK-0123.png,YKW-ARK-0123,Wazzat,28802,Yo-kai Keystone K 01 - A Wobble Miracle!,Yo-kai Keystone K Series,confirmed,Ark
M83,0166M83,YW-ARK-0124,https://raw.githubusercontent.com/NFCSPOOFER/YWAPI/main/images/ark/front/YW-ARK-0124.png,https://raw.githubusercontent.com/NFCSPOOFER/YWAPI/main/images/ark/back/YW-ARK-0124.png,YKW-ARK-0124,Supoor Hero,28803,Yo-kai Keystone K 01 - A Wobble Miracle!,Yo-kai Keystone K Series,confirmed,Ark
M84,0167M84,YW-ARK-0125,https://raw.githubusercontent.com/NFCSPOOFER/YWAPI/main/images/ark/front/YW-ARK-0125.png,https://raw.githubusercontent.com/NFCSPOOFER/YWAPI/main/images/ark/back/YW-ARK-0125.png,YKW-ARK-0125,Casanono,28804,Yo-kai Keystone K 01 - A Wobble Miracle!,Yo-kai Keystone K Series,confirmed,Ark
M85,0168M85,YW-ARK-0126,https://raw.githubusercontent.com/NFCSPOOFER/YWAPI/main/images/ark/front/YW-ARK-0126.png,https://raw.githubusercontent.com/NFCSPOOFER/YWAPI/main/images/ark/back/YW-ARK-0126.png,YKW-ARK-0126,Stircrazy Stu,28805,Yo-kai Keystone K 01 - A Wobble Miracle!,Yo-kai Keystone K Series,confirmed,Ark
M86,0169M86,YW-ARK-0127,https://raw.githubusercontent.com/NFCSPOOFER/YWAPI/main/images/ark/front/YW-ARK-0127.png,https://raw.githubusercontent.com/NFCSPOOFER/YWAPI/main/images/ark/back/YW-ARK-0127.png,YKW-ARK-0127,Snobetty,28806,Yo-kai Keystone K 01 - A Wobble Miracle!,Yo-kai Keystone K Series,confirmed,Ark
M98,0207M98,YW-ARK-0128,https://raw.githubusercontent.com/NFCSPOOFER/YWAPI/main/images/ark/front/YW-ARK-0128.png,https://raw.githubusercontent.com/NFCSPOOFER/YWAPI/main/images/ark/back/YW-ARK-0128.png,YKW-ARK-0128,Goku Bushinyan,28844,Yo-kai Keystone K 02 - Goku Yo-kai War!,Yo-kai Keystone K Series,confirmed,Ark
M99,0208M99,YW-ARK-0129,https://raw.githubusercontent.com/NFCSPOOFER/YWAPI/main/images/ark/front/YW-ARK-0129.png,https://raw.githubusercontent.com/NFCSPOOFER/YWAPI/main/images/ark/back/YW-ARK-0129.png,YKW-ARK-0129,Jibanyan Liu Bei,28845,Yo-kai Keystone K 02 - Goku Yo-kai War!,Yo-kai Keystone K Series,single_scan,Ark
M96,0205M96,YW-ARK-0130,https://raw.githubusercontent.com/NFCSPOOFER/YWAPI/main/images/ark/front/YW-ARK-0130.png,https://raw.githubusercontent.com/NFCSPOOFER/YWAPI/main/images/ark/back/YW-ARK-0130.png,YKW-ARK-0130,Goku Tsuchinoko,28842,Yo-kai Keystone K 02 - Goku Yo-kai War!,Yo-kai Keystone K Series,confirmed,Ark
M97,0206M97,YW-ARK-0131,https://raw.githubusercontent.com/NFCSPOOFER/YWAPI/main/images/ark/front/YW-ARK-0131.png,https://raw.githubusercontent.com/NFCSPOOFER/YWAPI/main/images/ark/back/YW-ARK-0131.png,YKW-ARK-0131,Komasan Sun Ce,28843,Yo-kai Keystone K 02 - Goku Yo-kai War!,Yo-kai Keystone K Series,confirmed,Ark
,,YW-ARK-0132,https://raw.githubusercontent.com/NFCSPOOFER/YWAPI/main/images/ark/front/YW-ARK-0132.png,https://raw.githubusercontent.com/NFCSPOOFER/YWAPI/main/images/ark/back/YW-ARK-0132.png,YKW-ARK-0132,Blizzaria/Goku Fubuki-hime,,Yo-kai Keystone K 02 - Goku Yo-kai War!,Yo-kai Keystone K Series,missing,Ark
M9B,0210M9B,YW-ARK-0133,https://raw.githubusercontent.com/NFCSPOOFER/YWAPI/main/images/ark/front/YW-ARK-0133.png,https://raw.githubusercontent.com/NFCSPOOFER/YWAPI/main/images/ark/back/YW-ARK-0133.png,YKW-ARK-0133,Melonyan/Yubari Melonnyan,28847,Yo-kai Keystone K 02 - Goku Yo-kai War!,Yo-kai Keystone K Series,confirmed,Ark
M9C,0211M9C,YW-ARK-0134,https://raw.githubusercontent.com/NFCSPOOFER/YWAPI/main/images/ark/front/YW-ARK-0134.png,https://raw.githubusercontent.com/NFCSPOOFER/YWAPI/main/images/ark/back/YW-ARK-0134.png,YKW-ARK-0134,Blazion/Akachan Merameraion,28848,Yo-kai Keystone K 02 - Goku Yo-kai War!,Yo-kai Keystone K Series,confirmed,Ark
M8Z,0198M8Z,YW-ARK-0135,https://raw.githubusercontent.com/NFCSPOOFER/YWAPI/main/images/ark/front/YW-ARK-0135.png,https://raw.githubusercontent.com/NFCSPOOFER/YWAPI/main/images/ark/back/YW-ARK-0135.png,YKW-ARK-0135,Tomnyan & Jibanyan,28835,Yo-kai Keystone K 02 - Goku Yo-kai War!,Yo-kai Keystone K Series,confirmed,Ark
M94,0203M94,YW-ARK-0136,https://raw.githubusercontent.com/NFCSPOOFER/YWAPI/main/images/ark/front/YW-ARK-0136.png,https://raw.githubusercontent.com/NFCSPOOFER/YWAPI/main/images/ark/back/YW-ARK-0136.png,YKW-ARK-0136,Whisuberi,28840,Yo-kai Keystone K 02 - Goku Yo-kai War!,Yo-kai Keystone K Series,confirmed,Ark
M8X,0196M8X,YW-ARK-0137,https://raw.githubusercontent.com/NFCSPOOFER/YWAPI/main/images/ark/front/YW-ARK-0137.png,https://raw.githubusercontent.com/NFCSPOOFER/YWAPI/main/images/ark/back/YW-ARK-0137.png,YKW-ARK-0137,Komajiro,28833,Yo-kai Keystone K 02 - Goku Yo-kai War!,Yo-kai Keystone K Series,confirmed,Ark
M8Y,0197M8Y,YW-ARK-0138,https://raw.githubusercontent.com/NFCSPOOFER/YWAPI/main/images/ark/front/YW-ARK-0138.png,https://raw.githubusercontent.com/NFCSPOOFER/YWAPI/main/images/ark/back/YW-ARK-0138.png,YKW-ARK-0138,Tomnyan,28834,Yo-kai Keystone K 02 - Goku Yo-kai War!,Yo-kai Keystone K Series,confirmed,Ark
M90,0199M90,YW-ARK-0139,https://raw.githubusercontent.com/NFCSPOOFER/YWAPI/main/images/ark/front/YW-ARK-0139.png,https://raw.githubusercontent.com/NFCSPOOFER/YWAPI/main/images/ark/back/YW-ARK-0139.png,YKW-ARK-0139,Gnomey,28836,Yo-kai Keystone K 02 - Goku Yo-kai War!,Yo-kai Keystone K Series,confirmed,Ark
M91,0200M91,YW-ARK-0140,https://raw.githubusercontent.com/NFCSPOOFER/YWAPI/main/images/ark/front/YW-ARK-0140.png,https://raw.githubusercontent.com/NFCSPOOFER/YWAPI/main/images/ark/back/YW-ARK-0140.png,YKW-ARK-0140,Blizzaria,28837,Yo-kai Keystone K 02 - Goku Yo-kai War!,Yo-kai Keystone K Series,confirmed,Ark
M92,0201M92,YW-ARK-0141,https://raw.githubusercontent.com/NFCSPOOFER/YWAPI/main/images/ark/front/YW-ARK-0141.png,https://raw.githubusercontent.com/NFCSPOOFER/YWAPI/main/images/ark/back/YW-ARK-0141.png,YKW-ARK-0141,Blazion,28838,Yo-kai Keystone K 02 - Goku Yo-kai War!,Yo-kai Keystone K Series,confirmed,Ark
M93,0202M93,YW-ARK-0142,https://raw.githubusercontent.com/NFCSPOOFER/YWAPI/main/images/ark/front/YW-ARK-0142.png,https://raw.githubusercontent.com/NFCSPOOFER/YWAPI/main/images/ark/back/YW-ARK-0142.png,YKW-ARK-0142,Whisper,28839,Yo-kai Keystone K 02 - Goku Yo-kai War!,Yo-kai Keystone K Series,confirmed,Ark
M95,0204M95,YW-ARK-0143,https://raw.githubusercontent.com/NFCSPOOFER/YWAPI/main/images/ark/front/YW-ARK-0143.png,https://raw.githubusercontent.com/NFCSPOOFER/YWAPI/main/images/ark/back/YW-ARK-0143.png,YKW-ARK-0143,Compunzer,28841,Yo-kai Keystone K 02 - Goku Yo-kai War!,Yo-kai Keystone K Series,confirmed,Ark
M8R,0190M8R,YW-ARK-0144,https://raw.githubusercontent.com/NFCSPOOFER/YWAPI/main/images/ark/front/YW-ARK-0144.png,https://raw.githubusercontent.com/NFCSPOOFER/YWAPI/main/images/ark/back/YW-ARK-0144.png,YKW-ARK-0144,Hungramps,28827,Yo-kai Keystone K 02 - Goku Yo-kai War!,Yo-kai Keystone K Series,confirmed,Ark
M8S,0191M8S,YW-ARK-0145,https://raw.githubusercontent.com/NFCSPOOFER/YWAPI/main/images/ark/front/YW-ARK-0145.png,https://raw.githubusercontent.com/NFCSPOOFER/YWAPI/main/images/ark/back/YW-ARK-0145.png,YKW-ARK-0145,Tattletell,28828,Yo-kai Keystone K 02 - Goku Yo-kai War!,Yo-kai Keystone K Series,confirmed,Ark
M8T,0192M8T,YW-ARK-0146,https://raw.githubusercontent.com/NFCSPOOFER/YWAPI/main/images/ark/front/YW-ARK-0146.png,https://raw.githubusercontent.com/NFCSPOOFER/YWAPI/main/images/ark/back/YW-ARK-0146.png,YKW-ARK-0146,N'more,28829,Yo-kai Keystone K 02 - Goku Yo-kai War!,Yo-kai Keystone K Series,confirmed,Ark
M8U,0193M8U,YW-ARK-0147,https://raw.githubusercontent.com/NFCSPOOFER/YWAPI/main/images/ark/front/YW-ARK-0147.png,https://raw.githubusercontent.com/NFCSPOOFER/YWAPI/main/images/ark/back/YW-ARK-0147.png,YKW-ARK-0147,Cheeksqueek,28830,Yo-kai Keystone K 02 - Goku Yo-kai War!,Yo-kai Keystone K Series,confirmed,Ark
M8V,0194M8V,YW-ARK-0148,https://raw.githubusercontent.com/NFCSPOOFER/YWAPI/main/images/ark/front/YW-ARK-0148.png,https://raw.githubusercontent.com/NFCSPOOFER/YWAPI/main/images/ark/back/YW-ARK-0148.png,YKW-ARK-0148,Liarbird,28831,Yo-kai Keystone K 02 - Goku Yo-kai War!,Yo-kai Keystone K Series,confirmed,Ark
M8W,0195M8W,YW-ARK-0149,https://raw.githubusercontent.com/NFCSPOOFER/YWAPI/main/images/ark/front/YW-ARK-0149.png,https://raw.githubusercontent.com/NFCSPOOFER/YWAPI/main/images/ark/back/YW-ARK-0149.png,YKW-ARK-0149,Snottle,28832,Yo-kai Keystone K 02 - Goku Yo-kai War!,Yo-kai Keystone K Series,confirmed,Ark
,,YW-ARK-0150,https://raw.githubusercontent.com/NFCSPOOFER/YWAPI/main/images/ark/front/YW-ARK-0150.png,https://raw.githubusercontent.com/NFCSPOOFER/YWAPI/main/images/ark/back/YW-ARK-0150.png,YKW-ARK-0150,Fuu-kun/Fuujin,,Yo-kai Keystone K 03 - Shadowside Yo-kai Again!,Yo-kai Keystone K Series,missing,Ark
M4O,0043M4O,YW-ARK-0151,https://raw.githubusercontent.com/NFCSPOOFER/YWAPI/main/images/ark/front/YW-ARK-0151.png,https://raw.githubusercontent.com/NFCSPOOFER/YWAPI/main/images/ark/back/YW-ARK-0151.png,YKW-ARK-0151,Rai-chan/Raijin,28680,Yo-kai Keystone K 03 - Shadowside Yo-kai Again!,Yo-kai Keystone K Series,confirmed,Ark
,,YW-ARK-0152,https://raw.githubusercontent.com/NFCSPOOFER/YWAPI/main/images/ark/front/YW-ARK-0152.png,https://raw.githubusercontent.com/NFCSPOOFER/YWAPI/main/images/ark/back/YW-ARK-0152.png,YKW-ARK-0152,Shogunyan/Shogunyan & Robonyan F,,Yo-kai Keystone K 03 - Shadowside Yo-kai Again!,Yo-kai Keystone K Series,missing,Ark
M5U,0085M5U,YW-ARK-0153,https://raw.githubusercontent.com/NFCSPOOFER/YWAPI/main/images/ark/front/YW-ARK-0153.png,https://raw.githubusercontent.com/NFCSPOOFER/YWAPI/main/images/ark/back/YW-ARK-0153.png,YKW-ARK-0153,Uribou/Inosasaou,28722,Yo-kai Keystone K 03 - Shadowside Yo-kai Again!,Yo-kai Keystone K Series,confirmed,Ark
M7Y,0161M7Y,YW-ARK-0154,https://raw.githubusercontent.com/NFCSPOOFER/YWAPI/main/images/ark/front/YW-ARK-0154.png,https://raw.githubusercontent.com/NFCSPOOFER/YWAPI/main/images/ark/back/YW-ARK-0154.png,YKW-ARK-0154,Hi no Shin,28798,Yo-kai Keystone K 03 - Shadowside Yo-kai Again!,Yo-kai Keystone K Series,single_scan,Ark
,,YW-ARK-0155,https://raw.githubusercontent.com/NFCSPOOFER/YWAPI/main/images/ark/front/YW-ARK-0155.png,https://raw.githubusercontent.com/NFCSPOOFER/YWAPI/main/images/ark/back/YW-ARK-0155.png,YKW-ARK-0155,Arachnus (Extreme Rare),,Yo-kai Keystone K 03 - Shadowside Yo-kai Again!,Yo-kai Keystone K Series,missing,Ark
,,YW-ARK-0156,https://raw.githubusercontent.com/NFCSPOOFER/YWAPI/main/images/ark/front/YW-ARK-0156.png,https://raw.githubusercontent.com/NFCSPOOFER/YWAPI/main/images/ark/back/YW-ARK-0156.png,YKW-ARK-0156,Toadal Dude (Extreme Rare),,Yo-kai Keystone K 03 - Shadowside Yo-kai Again!,Yo-kai Keystone K Series,missing,Ark
MBL,0292MBL,YW-ARK-0157,https://raw.githubusercontent.com/NFCSPOOFER/YWAPI/main/images/ark/front/YW-ARK-0157.png,https://raw.githubusercontent.com/NFCSPOOFER/YWAPI/main/images/ark/back/YW-ARK-0157.png,YKW-ARK-0157,Hi no Shin (Shadowside),28929,Yo-kai Keystone K 03 - Shadowside Yo-kai Again!,Yo-kai Keystone K Series,single_scan,Ark
M9P,0224M9P,YW-ARK-0158,https://raw.githubusercontent.com/NFCSPOOFER/YWAPI/main/images/ark/front/YW-ARK-0158.png,https://raw.githubusercontent.com/NFCSPOOFER/YWAPI/main/images/ark/back/YW-ARK-0158.png,YKW-ARK-0158,Komasan/Koma Kaachan,28861,Yo-kai Keystone K 03 - Shadowside Yo-kai Again!,Yo-kai Keystone K Series,single_scan,Ark
M9R,0226M9R,YW-ARK-0159,https://raw.githubusercontent.com/NFCSPOOFER/YWAPI/main/images/ark/front/YW-ARK-0159.png,https://raw.githubusercontent.com/NFCSPOOFER/YWAPI/main/images/ark/back/YW-ARK-0159.png,YKW-ARK-0159,Roughraff & Jibanyan/Baddinyan,28863,Yo-kai Keystone K 03 - Shadowside Yo-kai Again!,Yo-kai Keystone K Series,confirmed,Ark
M3P,0008M3P,YW-ARK-0160,https://raw.githubusercontent.com/NFCSPOOFER/YWAPI/main/images/ark/front/YW-ARK-0160.png,https://raw.githubusercontent.com/NFCSPOOFER/YWAPI/main/images/ark/back/YW-ARK-0160.png,YKW-ARK-0160,Hare-onna/Ame-onna,28645,Yo-kai Keystone K 03 - Shadowside Yo-kai Again!,Yo-kai Keystone K Series,confirmed,Ark
M5T,0084M5T,YW-ARK-0161,https://raw.githubusercontent.com/NFCSPOOFER/YWAPI/main/images/ark/front/YW-ARK-0161.png,https://raw.githubusercontent.com/NFCSPOOFER/YWAPI/main/images/ark/back/YW-ARK-0161.png,YKW-ARK-0161,Gyuuki,28721,Yo-kai Keystone K 03 - Shadowside Yo-kai Again!,Yo-kai Keystone K Series,confirmed,Ark
M68,0099M68,YW-ARK-0162,https://raw.githubusercontent.com/NFCSPOOFER/YWAPI/main/images/ark/front/YW-ARK-0162.png,https://raw.githubusercontent.com/NFCSPOOFER/YWAPI/main/images/ark/back/YW-ARK-0162.png,YKW-ARK-0162,Ungaikyo (Shadowside),28736,Yo-kai Keystone K 03 - Shadowside Yo-kai Again!,Yo-kai Keystone K Series,confirmed,Ark
M9G,0215M9G,YW-ARK-0163,https://raw.githubusercontent.com/NFCSPOOFER/YWAPI/main/images/ark/front/YW-ARK-0163.png,https://raw.githubusercontent.com/NFCSPOOFER/YWAPI/main/images/ark/back/YW-ARK-0163.png,YKW-ARK-0163,Shirokuma,28852,Yo-kai Keystone K 03 - Shadowside Yo-kai Again!,Yo-kai Keystone K Series,confirmed,Ark
M9H,0216M9H,YW-ARK-0164,https://raw.githubusercontent.com/NFCSPOOFER/YWAPI/main/images/ark/front/YW-ARK-0164.png,https://raw.githubusercontent.com/NFCSPOOFER/YWAPI/main/images/ark/back/YW-ARK-0164.png,YKW-ARK-0164,Punkupine,28853,Yo-kai Keystone K 03 - Shadowside Yo-kai Again!,Yo-kai Keystone K Series,single_scan,Ark
M9Y,0233M9Y,YW-ARK-0165,https://raw.githubusercontent.com/NFCSPOOFER/YWAPI/main/images/ark/front/YW-ARK-0165.png,https://raw.githubusercontent.com/NFCSPOOFER/YWAPI/main/images/ark/back/YW-ARK-0165.png,YKW-ARK-0165,Sgt. Burly,28870,Yo-kai Keystone K 03 - Shadowside Yo-kai Again!,Yo-kai Keystone K Series,confirmed,Ark
M9Z,0234M9Z,YW-ARK-0166,https://raw.githubusercontent.com/NFCSPOOFER/YWAPI/main/images/ark/front/YW-ARK-0166.png,https://raw.githubusercontent.com/NFCSPOOFER/YWAPI/main/images/ark/back/YW-ARK-0166.png,YKW-ARK-0166,Arachnus,28871,Yo-kai Keystone K 03 - Shadowside Yo-kai Again!,Yo-kai Keystone K Series,confirmed,Ark
MA2,0237MA2,YW-ARK-0167,https://raw.githubusercontent.com/NFCSPOOFER/YWAPI/main/images/ark/front/YW-ARK-0167.png,https://raw.githubusercontent.com/NFCSPOOFER/YWAPI/main/images/ark/back/YW-ARK-0167.png,YKW-ARK-0167,Toadal Dude,28874,Yo-kai Keystone K 03 - Shadowside Yo-kai Again!,Yo-kai Keystone K Series,single_scan,Ark
M3Q,0009M3Q,YW-ARK-0168,https://raw.githubusercontent.com/NFCSPOOFER/YWAPI/main/images/ark/front/YW-ARK-0168.png,https://raw.githubusercontent.com/NFCSPOOFER/YWAPI/main/images/ark/back/YW-ARK-0168.png,YKW-ARK-0168,Kyunshii/Zukkyunshii,28646,Yo-kai Keystone K 03 - Shadowside Yo-kai Again!,Yo-kai Keystone K Series,confirmed,Ark
M69,0100M69,YW-ARK-0169,https://raw.githubusercontent.com/NFCSPOOFER/YWAPI/main/images/ark/front/YW-ARK-0169.png,https://raw.githubusercontent.com/NFCSPOOFER/YWAPI/main/images/ark/back/YW-ARK-0169.png,YKW-ARK-0169,Narikama,28737,Yo-kai Keystone K 03 - Shadowside Yo-kai Again!,Yo-kai Keystone K Series,confirmed,Ark
M79,0136M79,YW-ARK-0170,https://raw.githubusercontent.com/NFCSPOOFER/YWAPI/main/images/ark/front/YW-ARK-0170.png,https://raw.githubusercontent.com/NFCSPOOFER/YWAPI/main/images/ark/back/YW-ARK-0170.png,YKW-ARK-0170,Kantaro/Jihanki,28773,Yo-kai Keystone K 03 - Shadowside Yo-kai Again!,Yo-kai Keystone K Series,single_scan,Ark
M9I,0217M9I,YW-ARK-0171,https://raw.githubusercontent.com/NFCSPOOFER/YWAPI/main/images/ark/front/YW-ARK-0171.png,https://raw.githubusercontent.com/NFCSPOOFER/YWAPI/main/images/ark/back/YW-ARK-0171.png,YKW-ARK-0171,Gomendako,28854,Yo-kai Keystone K 03 - Shadowside Yo-kai Again!,Yo-kai Keystone K Series,confirmed,Ark
MBR,0298MBR,YW-ARK-0172,https://raw.githubusercontent.com/NFCSPOOFER/YWAPI/main/images/ark/front/YW-ARK-0172.png,https://raw.githubusercontent.com/NFCSPOOFER/YWAPI/main/images/ark/back/YW-ARK-0172.png,YKW-ARK-0172,Blobgoblin,28935,Yo-kai Keystone K 03 - Shadowside Yo-kai Again!,Yo-kai Keystone K Series,confirmed,Ark
M9F,0214M9F,YW-ARK-0173,https://raw.githubusercontent.com/NFCSPOOFER/YWAPI/main/images/ark/front/YW-ARK-0173.png,https://raw.githubusercontent.com/NFCSPOOFER/YWAPI/main/images/ark/back/YW-ARK-0173.png,YKW-ARK-0173,Kakusei Enma,28851,Yo-kai Keystone K SP - Extreme! Shadowside!,Yo-kai Keystone K Series,single_scan,Ark
MHQ,0498MHQ,YW-ARK-0174,https://raw.githubusercontent.com/NFCSPOOFER/YWAPI/main/images/ark/front/YW-ARK-0174.png,https://raw.githubusercontent.com/NFCSPOOFER/YWAPI/main/images/ark/back/YW-ARK-0174.png,YKW-ARK-0174,Overseer,29150,Yo-kai Keystone K SP - Extreme! Shadowside!,Yo-kai Keystone K Series,confirmed,Ark
MI0,0508MI0,YW-ARK-0175,https://raw.githubusercontent.com/NFCSPOOFER/YWAPI/main/images/ark/front/YW-ARK-0175.png,https://raw.githubusercontent.com/NFCSPOOFER/YWAPI/main/images/ark/back/YW-ARK-0175.png,YKW-ARK-0175,Juno,29160,Yo-kai Keystone K SP - Extreme! Shadowside!,Yo-kai Keystone K Series,single_scan,Ark
MI1,0509MI1,YW-ARK-0176,https://raw.githubusercontent.com/NFCSPOOFER/YWAPI/main/images/ark/front/YW-ARK-0176.png,https://raw.githubusercontent.com/NFCSPOOFER/YWAPI/main/images/ark/back/YW-ARK-0176.png,YKW-ARK-0176,Juno & Summer,29161,Yo-kai Keystone K SP - Extreme! Shadowside!,Yo-kai Keystone K Series,single_scan,Ark
MI2,0510MI2,YW-ARK-0177,https://raw.githubusercontent.com/NFCSPOOFER/YWAPI/main/images/ark/front/YW-ARK-0177.png,https://raw.githubusercontent.com/NFCSPOOFER/YWAPI/main/images/ark/back/YW-ARK-0177.png,YKW-ARK-0177,Saros,29162,Yo-kai Keystone K SP - Extreme! Shadowside!,Yo-kai Keystone K Series,single_scan,Ark
MI3,0511MI3,YW-ARK-0178,https://raw.githubusercontent.com/NFCSPOOFER/YWAPI/main/images/ark/front/YW-ARK-0178.png,https://raw.githubusercontent.com/NFCSPOOFER/YWAPI/main/images/ark/back/YW-ARK-0178.png,YKW-ARK-0178,Yami Enma,29163,Yo-kai Keystone K SP - Extreme! Shadowside!,Yo-kai Keystone K Series,single_scan,Ark
,,YW-ARK-0179,https://raw.githubusercontent.com/NFCSPOOFER/YWAPI/main/images/ark/front/YW-ARK-0179.png,https://raw.githubusercontent.com/NFCSPOOFER/YWAPI/main/images/ark/back/YW-ARK-0179.png,YKW-ARK-0179,Boreas,,Yo-kai Keystone K SP - Extreme! Shadowside!,Yo-kai Keystone K Series,missing,Ark
,,YW-ARK-0180,https://raw.githubusercontent.com/NFCSPOOFER/YWAPI/main/images/ark/front/YW-ARK-0180.png,https://raw.githubusercontent.com/NFCSPOOFER/YWAPI/main/images/ark/back/YW-ARK-0180.png,YKW-ARK-0180,Boreas & Cole,,Yo-kai Keystone K SP - Extreme! Shadowside!,Yo-kai Keystone K Series,missing,Ark
,,YW-ARK-0181,https://raw.githubusercontent.com/NFCSPOOFER/YWAPI/main/images/ark/front/YW-ARK-0181.png,https://raw.githubusercontent.com/NFCSPOOFER/YWAPI/main/images/ark/back/YW-ARK-0181.png,YKW-ARK-0181,Hakushu,,Yo-kai Keystone K SP - Extreme! Shadowside!,Yo-kai Keystone K Series,missing,Ark
MCB,0303MCB,YW-ARK-0182,https://raw.githubusercontent.com/NFCSPOOFER/YWAPI/main/images/ark/front/YW-ARK-0182.png,https://raw.githubusercontent.com/NFCSPOOFER/YWAPI/main/images/ark/back/YW-ARK-0182.png,YKW-ARK-0182,Jorogumo,28955,Yo-kai Keystone K SP - Extreme! Shadowside!,Yo-kai Keystone K Series,confirmed,Ark
,,YW-ARK-0183,https://raw.githubusercontent.com/NFCSPOOFER/YWAPI/main/images/ark/front/YW-ARK-0183.png,https://raw.githubusercontent.com/NFCSPOOFER/YWAPI/main/images/ark/back/YW-ARK-0183.png,YKW-ARK-0183,Fukurou,,Yo-kai Keystone K SP - Extreme! Shadowside!,Yo-kai Keystone K Series,missing,Ark
MBA,0281MBA,YW-ARK-0184,https://raw.githubusercontent.com/NFCSPOOFER/YWAPI/main/images/ark/front/YW-ARK-0184.png,https://raw.githubusercontent.com/NFCSPOOFER/YWAPI/main/images/ark/back/YW-ARK-0184.png,YKW-ARK-0184,Black Dianyan & Ruby Shurakoma/Seven Jewel Generals,28918,Yo-kai Keystone K SP - Extreme! Shadowside!,Yo-kai Keystone K Series,single_scan,Ark
MB9,0280MB9,YW-ARK-0185,https://raw.githubusercontent.com/NFCSPOOFER/YWAPI/main/images/ark/front/YW-ARK-0185.png,https://raw.githubusercontent.com/NFCSPOOFER/YWAPI/main/images/ark/back/YW-ARK-0185.png,YKW-ARK-0185,Gemnyans/Crystal Bushinyan,28917,Yo-kai Keystone K 04 - Many Treasures! Collected and Treasured Yo-kai!,Yo-kai Keystone K Series,confirmed,Ark
MBF,0286MBF,YW-ARK-0186,https://raw.githubusercontent.com/NFCSPOOFER/YWAPI/main/images/ark/front/YW-ARK-0186.png,https://raw.githubusercontent.com/NFCSPOOFER/YWAPI/main/images/ark/back/YW-ARK-0186.png,YKW-ARK-0186,Shikakusho Kaichi,28923,Yo-kai Keystone K 04 - Many Treasures! Collected and Treasured Yo-kai!,Yo-kai Keystone K Series,single_scan,Ark
MBC,0283MBC,YW-ARK-0187,https://raw.githubusercontent.com/NFCSPOOFER/YWAPI/main/images/ark/front/YW-ARK-0187.png,https://raw.githubusercontent.com/NFCSPOOFER/YWAPI/main/images/ark/back/YW-ARK-0187.png,YKW-ARK-0187,Soyokusho Ran,28920,Yo-kai Keystone K 04 - Many Treasures! Collected and Treasured Yo-kai!,Yo-kai Keystone K Series,single_scan,Ark
MAN,0258MAN,YW-ARK-0188,https://raw.githubusercontent.com/NFCSPOOFER/YWAPI/main/images/ark/front/YW-ARK-0188.png,https://raw.githubusercontent.com/NFCSPOOFER/YWAPI/main/images/ark/back/YW-ARK-0188.png,YKW-ARK-0188,Blizzaria/Beach-hime,28895,Yo-kai Keystone K 04 - Many Treasures! Collected and Treasured Yo-kai!,Yo-kai Keystone K Series,confirmed,Ark
MBD,0284MBD,YW-ARK-0189,https://raw.githubusercontent.com/NFCSPOOFER/YWAPI/main/images/ark/front/YW-ARK-0189.png,https://raw.githubusercontent.com/NFCSPOOFER/YWAPI/main/images/ark/back/YW-ARK-0189.png,YKW-ARK-0189,Hekikakusho Gyuma,28921,Yo-kai Keystone K 04 - Many Treasures! Collected and Treasured Yo-kai!,Yo-kai Keystone K Series,confirmed,Ark
MAL,0256MAL,YW-ARK-0190,https://raw.githubusercontent.com/NFCSPOOFER/YWAPI/main/images/ark/front/YW-ARK-0190.png,https://raw.githubusercontent.com/NFCSPOOFER/YWAPI/main/images/ark/back/YW-ARK-0190.png,YKW-ARK-0190,Kuro Nyankishi,28893,Yo-kai Keystone K 04 - Many Treasures! Collected and Treasured Yo-kai!,Yo-kai Keystone K Series,confirmed,Ark
MAR,0262MAR,YW-ARK-0191,https://raw.githubusercontent.com/NFCSPOOFER/YWAPI/main/images/ark/front/YW-ARK-0191.png,https://raw.githubusercontent.com/NFCSPOOFER/YWAPI/main/images/ark/back/YW-ARK-0191.png,YKW-ARK-0191,Shiro Nyanmajo,28899,Yo-kai Keystone K 04 - Many Treasures! Collected and Treasured Yo-kai!,Yo-kai Keystone K Series,confirmed,Ark
MB8,0279MB8,YW-ARK-0192,https://raw.githubusercontent.com/NFCSPOOFER/YWAPI/main/images/ark/front/YW-ARK-0192.png,https://raw.githubusercontent.com/NFCSPOOFER/YWAPI/main/images/ark/back/YW-ARK-0192.png,YKW-ARK-0192,Tsundora-hime/Hyogaki-hime,28916,Yo-kai Keystone K 04 - Many Treasures! Collected and Treasured Yo-kai!,Yo-kai Keystone K Series,confirmed,Ark
MA1,0236MA1,YW-ARK-0193,https://raw.githubusercontent.com/NFCSPOOFER/YWAPI/main/images/ark/front/YW-ARK-0193.png,https://raw.githubusercontent.com/NFCSPOOFER/YWAPI/main/images/ark/back/YW-ARK-0193.png,YKW-ARK-0193,Hovernyan,28873,Yo-kai Keystone K 04 - Many Treasures! Collected and Treasured Yo-kai!,Yo-kai Keystone K Series,confirmed,Ark
MAX,0268MAX,YW-ARK-0194,https://raw.githubusercontent.com/NFCSPOOFER/YWAPI/main/images/ark/front/YW-ARK-0194.png,https://raw.githubusercontent.com/NFCSPOOFER/YWAPI/main/images/ark/back/YW-ARK-0194.png,YKW-ARK-0194,Sir Nyansalot,28905,Yo-kai Keystone K 04 - Many Treasures! Collected and Treasured Yo-kai!,Yo-kai Keystone K Series,confirmed,Ark
MAF,0250MAF,YW-ARK-0195,https://raw.githubusercontent.com/NFCSPOOFER/YWAPI/main/images/ark/front/YW-ARK-0195.png,https://raw.githubusercontent.com/NFCSPOOFER/YWAPI/main/images/ark/back/YW-ARK-0195.png,YKW-ARK-0195,Maginyan,28887,Yo-kai Keystone K 04 - Many Treasures! Collected and Treasured Yo-kai!,Yo-kai Keystone K Series,confirmed,Ark
MA0,0235MA0,YW-ARK-0196,https://raw.githubusercontent.com/NFCSPOOFER/YWAPI/main/images/ark/front/YW-ARK-0196.png,https://raw.githubusercontent.com/NFCSPOOFER/YWAPI/main/images/ark/back/YW-ARK-0196.png,YKW-ARK-0196,Illuminoct,28872,Yo-kai Keystone K 04 - Many Treasures! Collected and Treasured Yo-kai!,Yo-kai Keystone K Series,confirmed,Ark
MA3,0238MA3,YW-ARK-0197,https://raw.githubusercontent.com/NFCSPOOFER/YWAPI/main/images/ark/front/YW-ARK-0197.png,https://raw.githubusercontent.com/NFCSPOOFER/YWAPI/main/images/ark/back/YW-ARK-0197.png,YKW-ARK-0197,Darkyubi,28875,Yo-kai Keystone K 04 - Many Treasures! Collected and Treasured Yo-kai!,Yo-kai Keystone K Series,confirmed,Ark
M9T,0228M9T,YW-ARK-0198,https://raw.githubusercontent.com/NFCSPOOFER/YWAPI/main/images/ark/front/YW-ARK-0198.png,https://raw.githubusercontent.com/NFCSPOOFER/YWAPI/main/images/ark/back/YW-ARK-0198.png,YKW-ARK-0198,Robonyan,28865,Yo-kai Keystone K 04 - Many Treasures! Collected and Treasured Yo-kai!,Yo-kai Keystone K Series,confirmed,Ark
MAS,0263MAS,YW-ARK-0199,https://raw.githubusercontent.com/NFCSPOOFER/YWAPI/main/images/ark/front/YW-ARK-0199.png,https://raw.githubusercontent.com/NFCSPOOFER/YWAPI/main/images/ark/back/YW-ARK-0199.png,YKW-ARK-0199,Baddinyan,28900,Yo-kai Keystone K 04 - Many Treasures! Collected and Treasured Yo-kai!,Yo-kai Keystone K Series,confirmed,Ark
M9V,0230M9V,YW-ARK-0200,https://raw.githubusercontent.com/NFCSPOOFER/YWAPI/main/images/ark/front/YW-ARK-0200.png,https://raw.githubusercontent.com/NFCSPOOFER/YWAPI/main/images/ark/back/YW-ARK-0200.png,YKW-ARK-0200,Gargaros,28867,Yo-kai Keystone K 04 - Many Treasures! Collected and Treasured Yo-kai!,Yo-kai Keystone K Series,confirmed,Ark
M9O,0223M9O,YW-ARK-0201,https://raw.githubusercontent.com/NFCSPOOFER/YWAPI/main/images/ark/front/YW-ARK-0201.png,https://raw.githubusercontent.com/NFCSPOOFER/YWAPI/main/images/ark/back/YW-ARK-0201.png,YKW-ARK-0201,Noko,28860,Yo-kai Keystone K 04 - Many Treasures! Collected and Treasured Yo-kai!,Yo-kai Keystone K Series,confirmed,Ark
MAG,0251MAG,YW-ARK-0202,https://raw.githubusercontent.com/NFCSPOOFER/YWAPI/main/images/ark/front/YW-ARK-0202.png,https://raw.githubusercontent.com/NFCSPOOFER/YWAPI/main/images/ark/back/YW-ARK-0202.png,YKW-ARK-0202,Bananose,28888,Yo-kai Keystone K 04 - Many Treasures! Collected and Treasured Yo-kai!,Yo-kai Keystone K Series,confirmed,Ark
M9K,0219M9K,YW-ARK-0203,https://raw.githubusercontent.com/NFCSPOOFER/YWAPI/main/images/ark/front/YW-ARK-0203.png,https://raw.githubusercontent.com/NFCSPOOFER/YWAPI/main/images/ark/back/YW-ARK-0203.png,YKW-ARK-0203,Frostina,28856,Yo-kai Keystone K 04 - Many Treasures! Collected and Treasured Yo-kai!,Yo-kai Keystone K Series,confirmed,Ark
M9L,0220M9L,YW-ARK-0204,https://raw.githubusercontent.com/NFCSPOOFER/YWAPI/main/images/ark/front/YW-ARK-0204.png,https://raw.githubusercontent.com/NFCSPOOFER/YWAPI/main/images/ark/back/YW-ARK-0204.png,YKW-ARK-0204,Roughraff,28857,Yo-kai Keystone K 04 - Many Treasures! Collected and Treasured Yo-kai!,Yo-kai Keystone K Series,confirmed,Ark
MA8,0243MA8,YW-ARK-0205,https://raw.githubusercontent.com/NFCSPOOFER/YWAPI/main/images/ark/front/YW-ARK-0205.png,https://raw.githubusercontent.com/NFCSPOOFER/YWAPI/main/images/ark/back/YW-ARK-0205.png,YKW-ARK-0205,Molar Petite,28880,Yo-kai Keystone K 04 - Many Treasures! Collected and Treasured Yo-kai!,Yo-kai Keystone K Series,confirmed,Ark
MA4,0239MA4,YW-ARK-0206,https://raw.githubusercontent.com/NFCSPOOFER/YWAPI/main/images/ark/front/YW-ARK-0206.png,https://raw.githubusercontent.com/NFCSPOOFER/YWAPI/main/images/ark/back/YW-ARK-0206.png,YKW-ARK-0206,Sandmeh,28876,Yo-kai Keystone K 04 - Many Treasures! Collected and Treasured Yo-kai!,Yo-kai Keystone K Series,confirmed,Ark
M9J,0218M9J,YW-ARK-0207,https://raw.githubusercontent.com/NFCSPOOFER/YWAPI/main/images/ark/front/YW-ARK-0207.png,https://raw.githubusercontent.com/NFCSPOOFER/YWAPI/main/images/ark/back/YW-ARK-0207.png,YKW-ARK-0207,Dimmy,28855,Yo-kai Keystone K 04 - Many Treasures! Collected and Treasured Yo-kai!,Yo-kai Keystone K Series,confirmed,Ark
M9X,0232M9X,YW-ARK-0208,https://raw.githubusercontent.com/NFCSPOOFER/YWAPI/main/images/ark/front/YW-ARK-0208.png,https://raw.githubusercontent.com/NFCSPOOFER/YWAPI/main/images/ark/back/YW-ARK-0208.png,YKW-ARK-0208,Gilgaros,28869,Yo-kai Keystone K 05 - Challenge! The Conclusion of the Seven Valuable Jewel Generals!,Yo-kai Keystone K Series,single_scan,Ark
MBB,0282MBB,YW-ARK-0209,https://raw.githubusercontent.com/NFCSPOOFER/YWAPI/main/images/ark/front/YW-ARK-0209.png,https://raw.githubusercontent.com/NFCSPOOFER/YWAPI/main/images/ark/back/YW-ARK-0209.png,YKW-ARK-0209,Black Dianyan/Ruby Shurakoma,28919,Yo-kai Keystone K 05 - Challenge! The Conclusion of the Seven Valuable Jewel Generals!,Yo-kai Keystone K Series,single_scan,Ark
,,YW-ARK-0210,https://raw.githubusercontent.com/NFCSPOOFER/YWAPI/main/images/ark/front/YW-ARK-0210.png,https://raw.githubusercontent.com/NFCSPOOFER/YWAPI/main/images/ark/back/YW-ARK-0210.png,YKW-ARK-0210,Black Dianyan/Black Tirenyan,,Yo-kai Keystone K 05 - Challenge! The Conclusion of the Seven Valuable Jewel Generals!,Yo-kai Keystone K Series,missing,Ark
,,YW-ARK-0211,https://raw.githubusercontent.com/NFCSPOOFER/YWAPI/main/images/ark/front/YW-ARK-0211.png,https://raw.githubusercontent.com/NFCSPOOFER/YWAPI/main/images/ark/back/YW-ARK-0211.png,YKW-ARK-0211,Kogasho Kojin,,Yo-kai Keystone K 05 - Challenge! The Conclusion of the Seven Valuable Jewel Generals!,Yo-kai Keystone K Series,missing,Ark
MHD,0485MHD,YW-ARK-0212,https://raw.githubusercontent.com/NFCSPOOFER/YWAPI/main/images/ark/front/YW-ARK-0212.png,https://raw.githubusercontent.com/NFCSPOOFER/YWAPI/main/images/ark/back/YW-ARK-0212.png,YKW-ARK-0212,Momonyan/Oni Slaying Companions,29137,Yo-kai Keystone K 05 - Challenge! The Conclusion of the Seven Valuable Jewel Generals!,Yo-kai Keystone K Series,confirmed,Ark
MBG,0287MBG,YW-ARK-0213,https://raw.githubusercontent.com/NFCSPOOFER/YWAPI/main/images/ark/front/YW-ARK-0213.png,https://raw.githubusercontent.com/NFCSPOOFER/YWAPI/main/images/ark/back/YW-ARK-0213.png,YKW-ARK-0213,Kawataro,28924,Yo-kai Keystone K 05 - Challenge! The Conclusion of the Seven Valuable Jewel Generals!,Yo-kai Keystone K Series,confirmed,Ark
M9N,0222M9N,YW-ARK-0214,https://raw.githubusercontent.com/NFCSPOOFER/YWAPI/main/images/ark/front/YW-ARK-0214.png,https://raw.githubusercontent.com/NFCSPOOFER/YWAPI/main/images/ark/back/YW-ARK-0214.png,YKW-ARK-0214,Snartle,28859,Yo-kai Keystone K 05 - Challenge! The Conclusion of the Seven Valuable Jewel Generals!,Yo-kai Keystone K Series,confirmed,Ark
M9W,0231M9W,YW-ARK-0215,https://raw.githubusercontent.com/NFCSPOOFER/YWAPI/main/images/ark/front/YW-ARK-0215.png,https://raw.githubusercontent.com/NFCSPOOFER/YWAPI/main/images/ark/back/YW-ARK-0215.png,YKW-ARK-0215,Orcanos,28868,Yo-kai Keystone K 05 - Challenge! The Conclusion of the Seven Valuable Jewel Generals!,Yo-kai Keystone K Series,confirmed,Ark
MD8,0336MD8,YW-ARK-0216,https://raw.githubusercontent.com/NFCSPOOFER/YWAPI/main/images/ark/front/YW-ARK-0216.png,https://raw.githubusercontent.com/NFCSPOOFER/YWAPI/main/images/ark/back/YW-ARK-0216.png,YKW-ARK-0216,Goldenyan,28988,Yo-kai Keystone K 05 - Challenge! The Conclusion of the Seven Valuable Jewel Generals!,Yo-kai Keystone K Series,confirmed,Ark
MDC,0340MDC,YW-ARK-0217,https://raw.githubusercontent.com/NFCSPOOFER/YWAPI/main/images/ark/front/YW-ARK-0217.png,https://raw.githubusercontent.com/NFCSPOOFER/YWAPI/main/images/ark/back/YW-ARK-0217.png,YKW-ARK-0217,Wobblewok,28992,Yo-kai Keystone K 05 - Challenge! The Conclusion of the Seven Valuable Jewel Generals!,Yo-kai Keystone K Series,confirmed,Ark
MDD,0341MDD,YW-ARK-0218,https://raw.githubusercontent.com/NFCSPOOFER/YWAPI/main/images/ark/front/YW-ARK-0218.png,https://raw.githubusercontent.com/NFCSPOOFER/YWAPI/main/images/ark/back/YW-ARK-0218.png,YKW-ARK-0218,Ogralus,28993,Yo-kai Keystone K 05 - Challenge! The Conclusion of the Seven Valuable Jewel Generals!,Yo-kai Keystone K Series,confirmed,Ark
MFN,0423MFN,YW-ARK-0219,https://raw.githubusercontent.com/NFCSPOOFER/YWAPI/main/images/ark/front/YW-ARK-0219.png,https://raw.githubusercontent.com/NFCSPOOFER/YWAPI/main/images/ark/back/YW-ARK-0219.png,YKW-ARK-0219,Tengu,29075,Yo-kai Keystone K 05 - Challenge! The Conclusion of the Seven Valuable Jewel Generals!,Yo-kai Keystone K Series,confirmed,Ark
MFO,0424MFO,YW-ARK-0220,https://raw.githubusercontent.com/NFCSPOOFER/YWAPI/main/images/ark/front/YW-ARK-0220.png,https://raw.githubusercontent.com/NFCSPOOFER/YWAPI/main/images/ark/back/YW-ARK-0220.png,YKW-ARK-0220,Flengu,29076,Yo-kai Keystone K 05 - Challenge! The Conclusion of the Seven Valuable Jewel Generals!,Yo-kai Keystone K Series,confirmed,Ark
MHW,0504MHW,YW-ARK-0221,https://raw.githubusercontent.com/NFCSPOOFER/YWAPI/main/images/ark/front/YW-ARK-0221.png,https://raw.githubusercontent.com/NFCSPOOFER/YWAPI/main/images/ark/back/YW-ARK-0221.png,YKW-ARK-0221,Shadow Venoct,29156,Yo-kai Keystone K 05 - Challenge! The Conclusion of the Seven Valuable Jewel Generals!,Yo-kai Keystone K Series,confirmed,Ark
MHX,0505MHX,YW-ARK-0222,https://raw.githubusercontent.com/NFCSPOOFER/YWAPI/main/images/ark/front/YW-ARK-0222.png,https://raw.githubusercontent.com/NFCSPOOFER/YWAPI/main/images/ark/back/YW-ARK-0222.png,YKW-ARK-0222,Damona,29157,Yo-kai Keystone K 05 - Challenge! The Conclusion of the Seven Valuable Jewel Generals!,Yo-kai Keystone K Series,confirmed,Ark
MHY,0506MHY,YW-ARK-0223,https://raw.githubusercontent.com/NFCSPOOFER/YWAPI/main/images/ark/front/YW-ARK-0223.png,https://raw.githubusercontent.com/NFCSPOOFER/YWAPI/main/images/ark/back/YW-ARK-0223.png,YKW-ARK-0223,Momonyan,29158,Yo-kai Keystone K 05 - Challenge! The Conclusion of the Seven Valuable Jewel Generals!,Yo-kai Keystone K Series,confirmed,Ark
M9S,0227M9S,YW-ARK-0224,https://raw.githubusercontent.com/NFCSPOOFER/YWAPI/main/images/ark/front/YW-ARK-0224.png,https://raw.githubusercontent.com/NFCSPOOFER/YWAPI/main/images/ark/back/YW-ARK-0224.png,YKW-ARK-0224,Noway,28864,Yo-kai Keystone K 05 - Challenge! The Conclusion of the Seven Valuable Jewel Generals!,Yo-kai Keystone K Series,confirmed,Ark
M9U,0229M9U,YW-ARK-0225,https://raw.githubusercontent.com/NFCSPOOFER/YWAPI/main/images/ark/front/YW-ARK-0225.png,https://raw.githubusercontent.com/NFCSPOOFER/YWAPI/main/images/ark/back/YW-ARK-0225.png,YKW-ARK-0225,Walkappa,28866,Yo-kai Keystone K 05 - Challenge! The Conclusion of the Seven Valuable Jewel Generals!,Yo-kai Keystone K Series,confirmed,Ark
MCZ,0327MCZ,YW-ARK-0226,https://raw.githubusercontent.com/NFCSPOOFER/YWAPI/main/images/ark/front/YW-ARK-0226.png,https://raw.githubusercontent.com/NFCSPOOFER/YWAPI/main/images/ark/back/YW-ARK-0226.png,YKW-ARK-0226,Insomni,28979,Yo-kai Keystone K 05 - Challenge! The Conclusion of the Seven Valuable Jewel Generals!,Yo-kai Keystone K Series,confirmed,Ark
MD4,0332MD4,YW-ARK-0227,https://raw.githubusercontent.com/NFCSPOOFER/YWAPI/main/images/ark/front/YW-ARK-0227.png,https://raw.githubusercontent.com/NFCSPOOFER/YWAPI/main/images/ark/back/YW-ARK-0227.png,YKW-ARK-0227,Baku,28984,Yo-kai Keystone K 05 - Challenge! The Conclusion of the Seven Valuable Jewel Generals!,Yo-kai Keystone K Series,confirmed,Ark
MD5,0333MD5,YW-ARK-0228,https://raw.githubusercontent.com/NFCSPOOFER/YWAPI/main/images/ark/front/YW-ARK-0228.png,https://raw.githubusercontent.com/NFCSPOOFER/YWAPI/main/images/ark/back/YW-ARK-0228.png,YKW-ARK-0228,Shmoopie,28985,Yo-kai Keystone K 05 - Challenge! The Conclusion of the Seven Valuable Jewel Generals!,Yo-kai Keystone K Series,confirmed,Ark
MDG,0344MDG,YW-ARK-0229,https://raw.githubusercontent.com/NFCSPOOFER/YWAPI/main/images/ark/front/YW-ARK-0229.png,https://raw.githubusercontent.com/NFCSPOOFER/YWAPI/main/images/ark/back/YW-ARK-0229.png,YKW-ARK-0229,Mimikin,28996,Yo-kai Keystone K 05 - Challenge! The Conclusion of the Seven Valuable Jewel Generals!,Yo-kai Keystone K Series,confirmed,Ark
MHZ,0507MHZ,YW-ARK-0230,https://raw.githubusercontent.com/NFCSPOOFER/YWAPI/main/images/ark/front/YW-ARK-0230.png,https://raw.githubusercontent.com/NFCSPOOFER/YWAPI/main/images/ark/back/YW-ARK-0230.png,YKW-ARK-0230,Taronyan Trio,29159,Yo-kai Keystone K 05 - Challenge! The Conclusion of the Seven Valuable Jewel Generals!,Yo-kai Keystone K Series,confirmed,Ark
M9M,0221M9M,YW-ARK-0231,https://raw.githubusercontent.com/NFCSPOOFER/YWAPI/main/images/ark/front/YW-ARK-0231.png,https://raw.githubusercontent.com/NFCSPOOFER/YWAPI/main/images/ark/back/YW-ARK-0231.png,YKW-ARK-0231,Shogunyan,28858,Yo-kai Keystone K 06 - Save me! Endangered Yo-kai,Yo-kai Keystone K Series,confirmed,Ark
MIJ,0527MIJ,YW-ARK-0232,https://raw.githubusercontent.com/NFCSPOOFER/YWAPI/main/images/ark/front/YW-ARK-0232.png,https://raw.githubusercontent.com/NFCSPOOFER/YWAPI/main/images/ark/back/YW-ARK-0232.png,YKW-ARK-0232,The Last Nyanmurai,29179,Yo-kai Keystone K 06 - Save me! Endangered Yo-kai,Yo-kai Keystone K Series,confirmed,Ark
MIH,0525MIH,YW-ARK-0233,https://raw.githubusercontent.com/NFCSPOOFER/YWAPI/main/images/ark/front/YW-ARK-0233.png,https://raw.githubusercontent.com/NFCSPOOFER/YWAPI/main/images/ark/back/YW-ARK-0233.png,YKW-ARK-0233,Nihonōkaminyan,29177,Yo-kai Keystone K 06 - Save me! Endangered Yo-kai,Yo-kai Keystone K Series,confirmed,Ark
MII,0526MII,YW-ARK-0234,https://raw.githubusercontent.com/NFCSPOOFER/YWAPI/main/images/ark/front/YW-ARK-0234.png,https://raw.githubusercontent.com/NFCSPOOFER/YWAPI/main/images/ark/back/YW-ARK-0234.png,YKW-ARK-0234,Nihonōkaminyan & Puppynyan,29178,Yo-kai Keystone K 06 - Save me! Endangered Yo-kai,Yo-kai Keystone K Series,confirmed,Ark
MIE,0522MIE,YW-ARK-0235,https://raw.githubusercontent.com/NFCSPOOFER/YWAPI/main/images/ark/front/YW-ARK-0235.png,https://raw.githubusercontent.com/NFCSPOOFER/YWAPI/main/images/ark/back/YW-ARK-0235.png,YKW-ARK-0235,Shiranyansu,29174,Yo-kai Keystone K 06 - Save me! Endangered Yo-kai,Yo-kai Keystone K Series,confirmed,Ark
MIF,0523MIF,YW-ARK-0236,https://raw.githubusercontent.com/NFCSPOOFER/YWAPI/main/images/ark/front/YW-ARK-0236.png,https://raw.githubusercontent.com/NFCSPOOFER/YWAPI/main/images/ark/back/YW-ARK-0236.png,YKW-ARK-0236,Nyanbaru Kuina,29175,Yo-kai Keystone K 06 - Save me! Endangered Yo-kai,Yo-kai Keystone K Series,confirmed,Ark
MIG,0524MIG,YW-ARK-0237,https://raw.githubusercontent.com/NFCSPOOFER/YWAPI/main/images/ark/front/YW-ARK-0237.png,https://raw.githubusercontent.com/NFCSPOOFER/YWAPI/main/images/ark/back/YW-ARK-0237.png,YKW-ARK-0237,Nyassie,29176,Yo-kai Keystone K 06 - Save me! Endangered Yo-kai,Yo-kai Keystone K Series,confirmed,Ark
MIK,0528MIK,YW-ARK-0238,https://raw.githubusercontent.com/NFCSPOOFER/YWAPI/main/images/ark/front/YW-ARK-0238.png,https://raw.githubusercontent.com/NFCSPOOFER/YWAPI/main/images/ark/back/YW-ARK-0238.png,YKW-ARK-0238,Usapyon/Usapyon (American Comic Hero Style),29180,Yo-kai Keystone K 06 - Save me! Endangered Yo-kai,Yo-kai Keystone K Series,confirmed,Ark
MIL,0529MIL,YW-ARK-0239,https://raw.githubusercontent.com/NFCSPOOFER/YWAPI/main/images/ark/front/YW-ARK-0239.png,https://raw.githubusercontent.com/NFCSPOOFER/YWAPI/main/images/ark/back/YW-ARK-0239.png,YKW-ARK-0239,Jibanyan & Komasan & Komajiro/Tomnyan & Koma Knomads,29181,Yo-kai Keystone K 06 - Save me! Endangered Yo-kai,Yo-kai Keystone K Series,confirmed,Ark
MA6,0241MA6,YW-ARK-0240,https://raw.githubusercontent.com/NFCSPOOFER/YWAPI/main/images/ark/front/YW-ARK-0240.png,https://raw.githubusercontent.com/NFCSPOOFER/YWAPI/main/images/ark/back/YW-ARK-0240.png,YKW-ARK-0240,Little Charrmer,28878,Yo-kai Keystone K 06 - Save me! Endangered Yo-kai,Yo-kai Keystone K Series,confirmed,Ark
MA7,0242MA7,YW-ARK-0241,https://raw.githubusercontent.com/NFCSPOOFER/YWAPI/main/images/ark/front/YW-ARK-0241.png,https://raw.githubusercontent.com/NFCSPOOFER/YWAPI/main/images/ark/back/YW-ARK-0241.png,YKW-ARK-0241,Silver Lining,28879,Yo-kai Keystone K 06 - Save me! Endangered Yo-kai,Yo-kai Keystone K Series,confirmed,Ark
MA9,0244MA9,YW-ARK-0242,https://raw.githubusercontent.com/NFCSPOOFER/YWAPI/main/images/ark/front/YW-ARK-0242.png,https://raw.githubusercontent.com/NFCSPOOFER/YWAPI/main/images/ark/back/YW-ARK-0242.png,YKW-ARK-0242,Usapyon,28881,Yo-kai Keystone K 06 - Save me! Endangered Yo-kai,Yo-kai Keystone K Series,confirmed,Ark
MAB,0246MAB,YW-ARK-0243,https://raw.githubusercontent.com/NFCSPOOFER/YWAPI/main/images/ark/front/YW-ARK-0243.png,https://raw.githubusercontent.com/NFCSPOOFER/YWAPI/main/images/ark/back/YW-ARK-0243.png,YKW-ARK-0243,Deadcool,28883,Yo-kai Keystone K 06 - Save me! Endangered Yo-kai,Yo-kai Keystone K Series,confirmed,Ark
MEF,0379MEF,YW-ARK-0244,https://raw.githubusercontent.com/NFCSPOOFER/YWAPI/main/images/ark/front/YW-ARK-0244.png,https://raw.githubusercontent.com/NFCSPOOFER/YWAPI/main/images/ark/back/YW-ARK-0244.png,YKW-ARK-0244,Shurikenny,29031,Yo-kai Keystone K 06 - Save me! Endangered Yo-kai,Yo-kai Keystone K Series,confirmed,Ark
MI8,0516MI8,YW-ARK-0245,https://raw.githubusercontent.com/NFCSPOOFER/YWAPI/main/images/ark/front/YW-ARK-0245.png,https://raw.githubusercontent.com/NFCSPOOFER/YWAPI/main/images/ark/back/YW-ARK-0245.png,YKW-ARK-0245,Koma Knomads,29168,Yo-kai Keystone K 06 - Save me! Endangered Yo-kai,Yo-kai Keystone K Series,confirmed,Ark
MIA,0518MIA,YW-ARK-0246,https://raw.githubusercontent.com/NFCSPOOFER/YWAPI/main/images/ark/front/YW-ARK-0246.png,https://raw.githubusercontent.com/NFCSPOOFER/YWAPI/main/images/ark/back/YW-ARK-0246.png,YKW-ARK-0246,Showbonyan,29170,Yo-kai Keystone K 06 - Save me! Endangered Yo-kai,Yo-kai Keystone K Series,confirmed,Ark
MIB,0519MIB,YW-ARK-0247,https://raw.githubusercontent.com/NFCSPOOFER/YWAPI/main/images/ark/front/YW-ARK-0247.png,https://raw.githubusercontent.com/NFCSPOOFER/YWAPI/main/images/ark/back/YW-ARK-0247.png,YKW-ARK-0247,Agent Spect-hare,29171,Yo-kai Keystone K 06 - Save me! Endangered Yo-kai,Yo-kai Keystone K Series,confirmed,Ark
MIC,0520MIC,YW-ARK-0248,https://raw.githubusercontent.com/NFCSPOOFER/YWAPI/main/images/ark/front/YW-ARK-0248.png,https://raw.githubusercontent.com/NFCSPOOFER/YWAPI/main/images/ark/back/YW-ARK-0248.png,YKW-ARK-0248,Supernyan,29172,Yo-kai Keystone K 06 - Save me! Endangered Yo-kai,Yo-kai Keystone K Series,confirmed,Ark
MID,0521MID,YW-ARK-0249,https://raw.githubusercontent.com/NFCSPOOFER/YWAPI/main/images/ark/front/YW-ARK-0249.png,https://raw.githubusercontent.com/NFCSPOOFER/YWAPI/main/images/ark/back/YW-ARK-0249.png,YKW-ARK-0249,Kaped Komander,29173,Yo-kai Keystone K 06 - Save me! Endangered Yo-kai,Yo-kai Keystone K Series,confirmed,Ark
MAA,0245MAA,YW-ARK-0250,https://raw.githubusercontent.com/NFCSPOOFER/YWAPI/main/images/ark/front/YW-ARK-0250.png,https://raw.githubusercontent.com/NFCSPOOFER/YWAPI/main/images/ark/back/YW-ARK-0250.png,YKW-ARK-0250,Cornfused,28882,Yo-kai Keystone K 06 - Save me! Endangered Yo-kai,Yo-kai Keystone K Series,confirmed,Ark
MDO,0352MDO,YW-ARK-0251,https://raw.githubusercontent.com/NFCSPOOFER/YWAPI/main/images/ark/front/YW-ARK-0251.png,https://raw.githubusercontent.com/NFCSPOOFER/YWAPI/main/images/ark/back/YW-ARK-0251.png,YKW-ARK-0251,Krystal Fox,29004,Yo-kai Keystone K 06 - Save me! Endangered Yo-kai,Yo-kai Keystone K Series,confirmed,Ark
MI9,0517MI9,YW-ARK-0252,https://raw.githubusercontent.com/NFCSPOOFER/YWAPI/main/images/ark/front/YW-ARK-0252.png,https://raw.githubusercontent.com/NFCSPOOFER/YWAPI/main/images/ark/back/YW-ARK-0252.png,YKW-ARK-0252,BBQvil,29169,Yo-kai Keystone K 06 - Save me! Endangered Yo-kai,Yo-kai Keystone K Series,confirmed,Ark
MFZ,0435MFZ,YW-ARK-0253,https://raw.githubusercontent.com/NFCSPOOFER/YWAPI/main/images/ark/front/YW-ARK-0253.png,https://raw.githubusercontent.com/NFCSPOOFER/YWAPI/main/images/ark/back/YW-ARK-0253.png,YKW-ARK-0253,Komashura,29087,Yo-kai Keystone K 07 - Advent! The Great King of the Yo-kai World,Yo-kai Keystone K Series,confirmed,Ark
MIR,0535MIR,YW-ARK-0254,https://raw.githubusercontent.com/NFCSPOOFER/YWAPI/main/images/ark/front/YW-ARK-0254.png,https://raw.githubusercontent.com/NFCSPOOFER/YWAPI/main/images/ark/back/YW-ARK-0254.png,YKW-ARK-0254,Spoilerina,29187,Yo-kai Keystone K 07 - Advent! The Great King of the Yo-kai World,Yo-kai Keystone K Series,single_scan,Ark
MIQ,0534MIQ,YW-ARK-0255,https://raw.githubusercontent.com/NFCSPOOFER/YWAPI/main/images/ark/front/YW-ARK-0255.png,https://raw.githubusercontent.com/NFCSPOOFER/YWAPI/main/images/ark/back/YW-ARK-0255.png,YKW-ARK-0255,Lord Enma Awoken,29186,Yo-kai Keystone K 07 - Advent! The Great King of the Yo-kai World,Yo-kai Keystone K Series,confirmed,Ark
MIW,0540MIW,YW-ARK-0256,https://raw.githubusercontent.com/NFCSPOOFER/YWAPI/main/images/ark/front/YW-ARK-0256.png,https://raw.githubusercontent.com/NFCSPOOFER/YWAPI/main/images/ark/back/YW-ARK-0256.png,YKW-ARK-0256,Lord Enma/Lord Enma Awoken,29192,Yo-kai Keystone K 07 - Advent! The Great King of the Yo-kai World,Yo-kai Keystone K Series,confirmed,Ark
MIM,0530MIM,YW-ARK-0257,https://raw.githubusercontent.com/NFCSPOOFER/YWAPI/main/images/ark/front/YW-ARK-0257.png,https://raw.githubusercontent.com/NFCSPOOFER/YWAPI/main/images/ark/back/YW-ARK-0257.png,YKW-ARK-0257,Lord Enma,29182,Yo-kai Keystone K 07 - Advent! The Great King of the Yo-kai World,Yo-kai Keystone K Series,confirmed,Ark
MIN,0531MIN,YW-ARK-0258,https://raw.githubusercontent.com/NFCSPOOFER/YWAPI/main/images/ark/front/YW-ARK-0258.png,https://raw.githubusercontent.com/NFCSPOOFER/YWAPI/main/images/ark/back/YW-ARK-0258.png,YKW-ARK-0258,Enma Neko'ou Matatabi,29183,Yo-kai Keystone K 07 - Advent! The Great King of the Yo-kai World,Yo-kai Keystone K Series,confirmed,Ark
MIO,0532MIO,YW-ARK-0259,https://raw.githubusercontent.com/NFCSPOOFER/YWAPI/main/images/ark/front/YW-ARK-0259.png,https://raw.githubusercontent.com/NFCSPOOFER/YWAPI/main/images/ark/back/YW-ARK-0259.png,YKW-ARK-0259,Ancient Enma,29184,Yo-kai Keystone K 07 - Advent! The Great King of the Yo-kai World,Yo-kai Keystone K Series,confirmed,Ark
MIT,0537MIT,YW-ARK-0260,https://raw.githubusercontent.com/NFCSPOOFER/YWAPI/main/images/ark/front/YW-ARK-0260.png,https://raw.githubusercontent.com/NFCSPOOFER/YWAPI/main/images/ark/back/YW-ARK-0260.png,YKW-ARK-0260,Jinpei & Wampus,29189,Yo-kai Keystone K 07 - Advent! The Great King of the Yo-kai World,Yo-kai Keystone K Series,confirmed,Ark
MIV,0539MIV,YW-ARK-0261,https://raw.githubusercontent.com/NFCSPOOFER/YWAPI/main/images/ark/front/YW-ARK-0261.png,https://raw.githubusercontent.com/NFCSPOOFER/YWAPI/main/images/ark/back/YW-ARK-0261.png,YKW-ARK-0261,Kiborikkuma & Kintaronyan,29191,Yo-kai Keystone K 07 - Advent! The Great King of the Yo-kai World,Yo-kai Keystone K Series,single_scan,Ark
MIP,0533MIP,YW-ARK-0262,https://raw.githubusercontent.com/NFCSPOOFER/YWAPI/main/images/ark/front/YW-ARK-0262.png,https://raw.githubusercontent.com/NFCSPOOFER/YWAPI/main/images/ark/back/YW-ARK-0262.png,YKW-ARK-0262,Sunsheen Enma,29185,Yo-kai Keystone K 07 - Advent! The Great King of the Yo-kai World,Yo-kai Keystone K Series,confirmed,Ark
MIU,0538MIU,YW-ARK-0263,https://raw.githubusercontent.com/NFCSPOOFER/YWAPI/main/images/ark/front/YW-ARK-0263.png,https://raw.githubusercontent.com/NFCSPOOFER/YWAPI/main/images/ark/back/YW-ARK-0263.png,YKW-ARK-0263,Jibanyan/Rudy,29190,Yo-kai Keystone K 07 - Advent! The Great King of the Yo-kai World,Yo-kai Keystone K Series,confirmed,Ark
MHI,0490MHI,YW-ARK-0264,https://raw.githubusercontent.com/NFCSPOOFER/YWAPI/main/images/ark/front/YW-ARK-0264.png,https://raw.githubusercontent.com/NFCSPOOFER/YWAPI/main/images/ark/back/YW-ARK-0264.png,YKW-ARK-0264,Emenyan,29142,Yo-kai Keystone K 07 - Advent! The Great King of the Yo-kai World,Yo-kai Keystone K Series,confirmed,Ark
MHL,0493MHL,YW-ARK-0265,https://raw.githubusercontent.com/NFCSPOOFER/YWAPI/main/images/ark/front/YW-ARK-0265.png,https://raw.githubusercontent.com/NFCSPOOFER/YWAPI/main/images/ark/back/YW-ARK-0265.png,YKW-ARK-0265,Sapphinyan,29145,Yo-kai Keystone K 07 - Advent! The Great King of the Yo-kai World,Yo-kai Keystone K Series,confirmed,Ark
MDN,0351MDN,YW-ARK-0266,https://raw.githubusercontent.com/NFCSPOOFER/YWAPI/main/images/ark/front/YW-ARK-0266.png,https://raw.githubusercontent.com/NFCSPOOFER/YWAPI/main/images/ark/back/YW-ARK-0266.png,YKW-ARK-0266,Smogmella,29003,Yo-kai Keystone K 07 - Advent! The Great King of the Yo-kai World,Yo-kai Keystone K Series,confirmed,Ark
MGE,0450MGE,YW-ARK-0267,https://raw.githubusercontent.com/NFCSPOOFER/YWAPI/main/images/ark/front/YW-ARK-0267.png,https://raw.githubusercontent.com/NFCSPOOFER/YWAPI/main/images/ark/back/YW-ARK-0267.png,YKW-ARK-0267,Faux Kappa,29102,Yo-kai Keystone K 07 - Advent! The Great King of the Yo-kai World,Yo-kai Keystone K Series,confirmed,Ark
MCH,0309MCH,YW-ARK-0268,https://raw.githubusercontent.com/NFCSPOOFER/YWAPI/main/images/ark/front/YW-ARK-0268.png,https://raw.githubusercontent.com/NFCSPOOFER/YWAPI/main/images/ark/back/YW-ARK-0268.png,YKW-ARK-0268,Saya/Makenki,28961,Yo-kai Keystone K 07 - Advent! The Great King of the Yo-kai World,Yo-kai Keystone K Series,confirmed,Ark
MCN,0315MCN,YW-ARK-0269,https://raw.githubusercontent.com/NFCSPOOFER/YWAPI/main/images/ark/front/YW-ARK-0269.png,https://raw.githubusercontent.com/NFCSPOOFER/YWAPI/main/images/ark/back/YW-ARK-0269.png,YKW-ARK-0269,Hamham/Aburaham,28967,Yo-kai Keystone K 07 - Advent! The Great King of the Yo-kai World,Yo-kai Keystone K Series,confirmed,Ark
MCO,0316MCO,YW-ARK-0270,https://raw.githubusercontent.com/NFCSPOOFER/YWAPI/main/images/ark/front/YW-ARK-0270.png,https://raw.githubusercontent.com/NFCSPOOFER/YWAPI/main/images/ark/back/YW-ARK-0270.png,YKW-ARK-0270,Kiborikkuma/Onikuma,28968,Yo-kai Keystone K 07 - Advent! The Great King of the Yo-kai World,Yo-kai Keystone K Series,confirmed,Ark
MCY,0326MCY,YW-ARK-0271,https://raw.githubusercontent.com/NFCSPOOFER/YWAPI/main/images/ark/front/YW-ARK-0271.png,https://raw.githubusercontent.com/NFCSPOOFER/YWAPI/main/images/ark/back/YW-ARK-0271.png,YKW-ARK-0271,Dismarelda,28978,Yo-kai Keystone K 07 - Advent! The Great King of the Yo-kai World,Yo-kai Keystone K Series,confirmed,Ark
MDM,0350MDM,YW-ARK-0272,https://raw.githubusercontent.com/NFCSPOOFER/YWAPI/main/images/ark/front/YW-ARK-0272.png,https://raw.githubusercontent.com/NFCSPOOFER/YWAPI/main/images/ark/back/YW-ARK-0272.png,YKW-ARK-0272,Nosirs,29002,Yo-kai Keystone K 07 - Advent! The Great King of the Yo-kai World,Yo-kai Keystone K Series,confirmed,Ark
MIY,0542MIY,YW-ARK-0273,https://raw.githubusercontent.com/NFCSPOOFER/YWAPI/main/images/ark/front/YW-ARK-0273.png,https://raw.githubusercontent.com/NFCSPOOFER/YWAPI/main/images/ark/back/YW-ARK-0273.png,YKW-ARK-0273,Mermaidyn,29194,Yo-kai Keystone K 07 - Advent! The Great King of the Yo-kai World,Yo-kai Keystone K Series,confirmed,Ark
MCI,0310MCI,YW-ARK-0274,https://raw.githubusercontent.com/NFCSPOOFER/YWAPI/main/images/ark/front/YW-ARK-0274.png,https://raw.githubusercontent.com/NFCSPOOFER/YWAPI/main/images/ark/back/YW-ARK-0274.png,YKW-ARK-0274,Choky/Shiomaneki,28962,Yo-kai Keystone K 07 - Advent! The Great King of the Yo-kai World,Yo-kai Keystone K Series,confirmed,Ark
MCL,0313MCL,YW-ARK-0275,https://raw.githubusercontent.com/NFCSPOOFER/YWAPI/main/images/ark/front/YW-ARK-0275.png,https://raw.githubusercontent.com/NFCSPOOFER/YWAPI/main/images/ark/back/YW-ARK-0275.png,YKW-ARK-0275,Kawauso,28965,Yo-kai Keystone K 07 - Advent! The Great King of the Yo-kai World,Yo-kai Keystone K Series,confirmed,Ark
MD2,0330MD2,YW-ARK-0276,https://raw.githubusercontent.com/NFCSPOOFER/YWAPI/main/images/ark/front/YW-ARK-0276.png,https://raw.githubusercontent.com/NFCSPOOFER/YWAPI/main/images/ark/back/YW-ARK-0276.png,YKW-ARK-0276,Happierre,28982,Yo-kai Keystone K 07 - Advent! The Great King of the Yo-kai World,Yo-kai Keystone K Series,confirmed,Ark
,,YW-ARK-0277,https://raw.githubusercontent.com/NFCSPOOFER/YWAPI/main/images/ark/front/YW-ARK-0277.png,https://raw.githubusercontent.com/NFCSPOOFER/YWAPI/main/images/ark/back/YW-ARK-0277.png,YKW-ARK-0277,Lord Ananta,,Yo-kai Keystone SP - Shadowside Ultimate Selection,Yo-kai Keystone K Series,missing,Ark
M5J,0074M5J,YW-ARK-0278,https://raw.githubusercontent.com/NFCSPOOFER/YWAPI/main/images/ark/front/YW-ARK-0278.png,https://raw.githubusercontent.com/NFCSPOOFER/YWAPI/main/images/ark/back/YW-ARK-0278.png,YKW-ARK-0278,Yasha Enma,28711,Yo-kai Keystone SP - Shadowside Ultimate Selection,Yo-kai Keystone K Series,single_scan,Ark
M4I,0037M4I,YW-ARK-0279,https://raw.githubusercontent.com/NFCSPOOFER/YWAPI/main/images/ark/front/YW-ARK-0279.png,https://raw.githubusercontent.com/NFCSPOOFER/YWAPI/main/images/ark/back/YW-ARK-0279.png,YKW-ARK-0279,Bushinyan,28674,Yo-kai Keystone SP - Shadowside Ultimate Selection,Yo-kai Keystone K Series,confirmed,Ark
,,YW-ARK-0280,https://raw.githubusercontent.com/NFCSPOOFER/YWAPI/main/images/ark/front/YW-ARK-0280.png,https://raw.githubusercontent.com/NFCSPOOFER/YWAPI/main/images/ark/back/YW-ARK-0280.png,YKW-ARK-0280,Shurakoma,,Yo-kai Keystone SP - Shadowside Ultimate Selection,Yo-kai Keystone K Series,missing,Ark
MAD,0248MAD,YW-ARK-0281,https://raw.githubusercontent.com/NFCSPOOFER/YWAPI/main/images/ark/front/YW-ARK-0281.png,https://raw.githubusercontent.com/NFCSPOOFER/YWAPI/main/images/ark/back/YW-ARK-0281.png,YKW-ARK-0281,Dianyan,28885,Yo-kai Keystone SP - Shadowside Ultimate Selection,Yo-kai Keystone K Series,single_scan,Ark
MJ6,0550MJ6,YW-ARK-0282,https://raw.githubusercontent.com/NFCSPOOFER/YWAPI/main/images/ark/front/YW-ARK-0282.png,https://raw.githubusercontent.com/NFCSPOOFER/YWAPI/main/images/ark/back/YW-ARK-0282.png,YKW-ARK-0282,Juno,29202,Yo-kai Keystone SP - Shadowside Ultimate Selection,Yo-kai Keystone K Series,confirmed,Ark
MJ7,0551MJ7,YW-ARK-0283,https://raw.githubusercontent.com/NFCSPOOFER/YWAPI/main/images/ark/front/YW-ARK-0283.png,https://raw.githubusercontent.com/NFCSPOOFER/YWAPI/main/images/ark/back/YW-ARK-0283.png,YKW-ARK-0283,Saros,29203,Yo-kai Keystone SP - Shadowside Ultimate Selection,Yo-kai Keystone K Series,confirmed,Ark
MJ8,0552MJ8,YW-ARK-0284,https://raw.githubusercontent.com/NFCSPOOFER/YWAPI/main/images/ark/front/YW-ARK-0284.png,https://raw.githubusercontent.com/NFCSPOOFER/YWAPI/main/images/ark/back/YW-ARK-0284.png,YKW-ARK-0284,Boreas,29204,Yo-kai Keystone SP - Shadowside Ultimate Selection,Yo-kai Keystone K Series,confirmed,Ark
MJ9,0553MJ9,YW-ARK-0285,https://raw.githubusercontent.com/NFCSPOOFER/YWAPI/main/images/ark/front/YW-ARK-0285.png,https://raw.githubusercontent.com/NFCSPOOFER/YWAPI/main/images/ark/back/YW-ARK-0285.png,YKW-ARK-0285,Eurus,29205,Yo-kai Keystone SP - Shadowside Ultimate Selection,Yo-kai Keystone K Series,confirmed,Ark
,,YW-ARK-0286,https://raw.githubusercontent.com/NFCSPOOFER/YWAPI/main/images/ark/front/YW-ARK-0286.png,https://raw.githubusercontent.com/NFCSPOOFER/YWAPI/main/images/ark/back/YW-ARK-0286.png,YKW-ARK-0286,Eurus & Bruno,,Yo-kai Keystone SP - Shadowside Ultimate Selection,Yo-kai Keystone K Series,missing,Ark
,,YW-ARK-0287,https://raw.githubusercontent.com/NFCSPOOFER/YWAPI/main/images/ark/front/YW-ARK-0287.png,https://raw.githubusercontent.com/NFCSPOOFER/YWAPI/main/images/ark/back/YW-ARK-0287.png,YKW-ARK-0287,Shien,,Yo-kai Keystone SP - Shadowside Ultimate Selection,Yo-kai Keystone K Series,missing,Ark
MHJ,0491MHJ,YW-ARK-0288,https://raw.githubusercontent.com/NFCSPOOFER/YWAPI/main/images/ark/front/YW-ARK-0288.png,https://raw.githubusercontent.com/NFCSPOOFER/YWAPI/main/images/ark/back/YW-ARK-0288.png,YKW-ARK-0288,Rubinyan,29143,Yo-kai Keystone SP - Shadowside Ultimate Selection,Yo-kai Keystone K Series,single_scan,Ark
MHK,0492MHK,YW-ARK-0289,https://raw.githubusercontent.com/NFCSPOOFER/YWAPI/main/images/ark/front/YW-ARK-0289.png,https://raw.githubusercontent.com/NFCSPOOFER/YWAPI/main/images/ark/back/YW-ARK-0289.png,YKW-ARK-0289,Topanyan,29144,Yo-kai Keystone SP - Shadowside Ultimate Selection,Yo-kai Keystone K Series,single_scan,Ark
MJ5,0549MJ5,YW-ARK-0290,https://raw.githubusercontent.com/NFCSPOOFER/YWAPI/main/images/ark/front/YW-ARK-0290.png,https://raw.githubusercontent.com/NFCSPOOFER/YWAPI/main/images/ark/back/YW-ARK-0290.png,YKW-ARK-0290,Yami Enma,29201,Yo-kai Keystone SP - Shadowside Ultimate Selection,Yo-kai Keystone K Series,confirmed,Ark
M53,0058M53,YW-ARK-0291,https://raw.githubusercontent.com/NFCSPOOFER/YWAPI/main/images/ark/front/YW-ARK-0291.png,https://raw.githubusercontent.com/NFCSPOOFER/YWAPI/main/images/ark/back/YW-ARK-0291.png,YKW-ARK-0291,Tsuchigumo,28695,Yo-kai Keystone SP - Shadowside Ultimate Selection,Yo-kai Keystone K Series,single_scan,Ark
M55,0060M55,YW-ARK-0292,https://raw.githubusercontent.com/NFCSPOOFER/YWAPI/main/images/ark/front/YW-ARK-0292.png,https://raw.githubusercontent.com/NFCSPOOFER/YWAPI/main/images/ark/back/YW-ARK-0292.png,YKW-ARK-0292,Ogama,28697,Yo-kai Keystone SP - Shadowside Ultimate Selection,Yo-kai Keystone K Series,single_scan,Ark
,,YW-ARK-0293,https://raw.githubusercontent.com/NFCSPOOFER/YWAPI/main/images/ark/front/YW-ARK-0293.png,https://raw.githubusercontent.com/NFCSPOOFER/YWAPI/main/images/ark/back/YW-ARK-0293.png,YKW-ARK-0293,Kage Orochi,,Yo-kai Keystone SP - Shadowside Ultimate Selection,Yo-kai Keystone K Series,missing,Ark
,,YW-ARK-0294,https://raw.githubusercontent.com/NFCSPOOFER/YWAPI/main/images/ark/front/YW-ARK-0294.png,https://raw.githubusercontent.com/NFCSPOOFER/YWAPI/main/images/ark/back/YW-ARK-0294.png,YKW-ARK-0294,Tsuchinoko,,Yo-kai Keystone SP - Shadowside Ultimate Selection,Yo-kai Keystone K Series,missing,Ark
,,YW-ARK-0295,https://raw.githubusercontent.com/NFCSPOOFER/YWAPI/main/images/ark/front/YW-ARK-0295.png,https://raw.githubusercontent.com/NFCSPOOFER/YWAPI/main/images/ark/back/YW-ARK-0295.png,YKW-ARK-0295,Kukuri-hime,,Yo-kai Keystone SP - Shadowside Ultimate Selection,Yo-kai Keystone K Series,missing,Ark
,,YW-ARK-0296,https://raw.githubusercontent.com/NFCSPOOFER/YWAPI/main/images/ark/front/YW-ARK-0296.png,https://raw.githubusercontent.com/NFCSPOOFER/YWAPI/main/images/ark/back/YW-ARK-0296.png,YKW-ARK-0296,Tsuchigumo,,Yo-kai Keystone SP - Shadowside Ultimate Selection,Yo-kai Keystone K Series,missing,Ark
,,YW-ARK-0297,https://raw.githubusercontent.com/NFCSPOOFER/YWAPI/main/images/ark/front/YW-ARK-0297.png,https://raw.githubusercontent.com/NFCSPOOFER/YWAPI/main/images/ark/back/YW-ARK-0297.png,YKW-ARK-0297,Ogama,,Yo-kai Keystone SP - Shadowside Ultimate Selection,Yo-kai Keystone K Series,missing,Ark
,,YW-ARK-0298,https://raw.githubusercontent.com/NFCSPOOFER/YWAPI/main/images/ark/front/YW-ARK-0298.png,https://raw.githubusercontent.com/NFCSPOOFER/YWAPI/main/images/ark/back/YW-ARK-0298.png,YKW-ARK-0298,Hyakki-hime,,Yo-kai Keystone SP - Shadowside Ultimate Selection,Yo-kai Keystone K Series,missing,Ark
,,YW-ARK-0299,https://raw.githubusercontent.com/NFCSPOOFER/YWAPI/main/images/ark/front/YW-ARK-0299.png,https://raw.githubusercontent.com/NFCSPOOFER/YWAPI/main/images/ark/back/YW-ARK-0299.png,YKW-ARK-0299,Inugami,,Yo-kai Keystone SP - Shadowside Ultimate Selection,Yo-kai Keystone K Series,missing,Ark
M3X,0016M3X,YW-ARK-0300,https://raw.githubusercontent.com/NFCSPOOFER/YWAPI/main/images/ark/front/YW-ARK-0300.png,https://raw.githubusercontent.com/NFCSPOOFER/YWAPI/main/images/ark/back/YW-ARK-0300.png,YKW-ARK-0300,Tidynator,28653,Yo-kai Keystone SP - Shadowside Ultimate Selection,Yo-kai Keystone K Series,single_scan,Ark
,,YW-ARK-0301,https://raw.githubusercontent.com/NFCSPOOFER/YWAPI/main/images/ark/front/YW-ARK-0301.png,https://raw.githubusercontent.com/NFCSPOOFER/YWAPI/main/images/ark/back/YW-ARK-0301.png,YKW-ARK-0301,Rai Oton,,Yo-kai Keystone SP - Shadowside Ultimate Selection,Yo-kai Keystone K Series,missing,Ark
MCA,0302MCA,YW-ARK-0302,https://raw.githubusercontent.com/NFCSPOOFER/YWAPI/main/images/ark/front/YW-ARK-0302.png,https://raw.githubusercontent.com/NFCSPOOFER/YWAPI/main/images/ark/back/YW-ARK-0302.png,YKW-ARK-0302,Fukurou,28954,Yo-kai Keystone SP - Shadowside Ultimate Selection,Yo-kai Keystone K Series,confirmed,Ark
M8Q,0189M8Q,YW-ARK-0303,https://raw.githubusercontent.com/NFCSPOOFER/YWAPI/main/images/ark/front/YW-ARK-0303.png,https://raw.githubusercontent.com/NFCSPOOFER/YWAPI/main/images/ark/back/YW-ARK-0303.png,YKW-ARK-0303,Goku Orochi,28826,Series 01 - Yo-kai World's 1st Martial Art Tournament - Goku Orochi,Yo-kai Keystone Series,confirmed,Ark
M8P,0188M8P,YW-ARK-0304,https://raw.githubusercontent.com/NFCSPOOFER/YWAPI/main/images/ark/front/YW-ARK-0304.png,https://raw.githubusercontent.com/NFCSPOOFER/YWAPI/main/images/ark/back/YW-ARK-0304.png,YKW-ARK-0304,Goku Fubuki-hime,28825,Series 01 - Yo-kai World's 1st Martial Art Tournament - Goku Orochi,Yo-kai Keystone Series,confirmed,Ark
MAJ,0254MAJ,YW-ARK-0305,https://raw.githubusercontent.com/NFCSPOOFER/YWAPI/main/images/ark/front/YW-ARK-0305.png,https://raw.githubusercontent.com/NFCSPOOFER/YWAPI/main/images/ark/back/YW-ARK-0305.png,YKW-ARK-0305,Rinne,28891,Series 02 - Yo-kai World's 1st Martial Art Tournament - Rinne,Yo-kai Keystone Series,confirmed,Ark
MAK,0255MAK,YW-ARK-0306,https://raw.githubusercontent.com/NFCSPOOFER/YWAPI/main/images/ark/front/YW-ARK-0306.png,https://raw.githubusercontent.com/NFCSPOOFER/YWAPI/main/images/ark/back/YW-ARK-0306.png,YKW-ARK-0306,Goku Namahage,28892,Series 02 - Yo-kai World's 1st Martial Art Tournament - Rinne,Yo-kai Keystone Series,confirmed,Ark
MB6,0277MB6,YW-ARK-0307,https://raw.githubusercontent.com/NFCSPOOFER/YWAPI/main/images/ark/front/YW-ARK-0307.png,https://raw.githubusercontent.com/NFCSPOOFER/YWAPI/main/images/ark/back/YW-ARK-0307.png,YKW-ARK-0307,Black Dianyan,28914,Series EX - Jewel Seven Generals - SP,Yo-kai Keystone Series,confirmed,Ark
MB7,0278MB7,YW-ARK-0308,https://raw.githubusercontent.com/NFCSPOOFER/YWAPI/main/images/ark/front/YW-ARK-0308.png,https://raw.githubusercontent.com/NFCSPOOFER/YWAPI/main/images/ark/back/YW-ARK-0308.png,YKW-ARK-0308,Ruby Shurakoma,28915,Series EX - Jewel Seven Generals - SP,Yo-kai Keystone Series,confirmed,Ark
MH9,0481MH9,YW-ARK-0309,https://raw.githubusercontent.com/NFCSPOOFER/YWAPI/main/images/ark/front/YW-ARK-0309.png,https://raw.githubusercontent.com/NFCSPOOFER/YWAPI/main/images/ark/back/YW-ARK-0309.png,YKW-ARK-0309,Ja-shin Kachi Kachi,29133,Series 03 - Yo-kai World's 1st Martial Art Tournament - Evil God Kachi Kachi,Yo-kai Keystone Series,confirmed,Ark
MHA,0482MHA,YW-ARK-0310,https://raw.githubusercontent.com/NFCSPOOFER/YWAPI/main/images/ark/front/YW-ARK-0310.png,https://raw.githubusercontent.com/NFCSPOOFER/YWAPI/main/images/ark/back/YW-ARK-0310.png,YKW-ARK-0310,Puni-gami,29134,Series 03 - Yo-kai World's 1st Martial Art Tournament - Evil God Kachi Kachi,Yo-kai Keystone Series,confirmed,Ark
MHB,0483MHB,YW-ARK-0311,https://raw.githubusercontent.com/NFCSPOOFER/YWAPI/main/images/ark/front/YW-ARK-0311.png,https://raw.githubusercontent.com/NFCSPOOFER/YWAPI/main/images/ark/back/YW-ARK-0311.png,YKW-ARK-0311,Lord Enma,29135,Series 04 - Yo-kai World's 1st Martial Art Tournament - Lord Enma,Yo-kai Keystone Series,confirmed,Ark
MHC,0484MHC,YW-ARK-0312,https://raw.githubusercontent.com/NFCSPOOFER/YWAPI/main/images/ark/front/YW-ARK-0312.png,https://raw.githubusercontent.com/NFCSPOOFER/YWAPI/main/images/ark/back/YW-ARK-0312.png,YKW-ARK-0312,Zazel,29136,Series 04 - Yo-kai World's 1st Martial Art Tournament - Lord Enma,Yo-kai Keystone Series,confirmed,Ark
M73,0130M73,YW-ARK-0313,https://raw.githubusercontent.com/NFCSPOOFER/YWAPI/main/images/ark/front/YW-ARK-0313.png,https://raw.githubusercontent.com/NFCSPOOFER/YWAPI/main/images/ark/back/YW-ARK-0313.png,YKW-ARK-0313,Kenshin Amaterasu,28767,Series 05 - Kenshin Amaterasu and Gesshin Tsukuyomi,Yo-kai Keystone Series,confirmed,Ark
M72,0129M72,YW-ARK-0314,https://raw.githubusercontent.com/NFCSPOOFER/YWAPI/main/images/ark/front/YW-ARK-0314.png,https://raw.githubusercontent.com/NFCSPOOFER/YWAPI/main/images/ark/back/YW-ARK-0314.png,YKW-ARK-0314,Yamambaa/Gesshin Tsukuyomi,28766,Series 05 - Kenshin Amaterasu and Gesshin Tsukuyomi,Yo-kai Keystone Series,confirmed,Ark
M3I,0001M3I,YW-ARK-0315,https://raw.githubusercontent.com/NFCSPOOFER/YWAPI/main/images/ark/front/YW-ARK-0315.png,https://raw.githubusercontent.com/NFCSPOOFER/YWAPI/main/images/ark/back/YW-ARK-0315.png,YKW-ARK-0315,Jibanyan (SS),28638,Toys,Exclusive/Promotional Keystones,confirmed,Ark
M5A,0065M5A,YW-ARK-0316,https://raw.githubusercontent.com/NFCSPOOFER/YWAPI/main/images/ark/front/YW-ARK-0316.png,https://raw.githubusercontent.com/NFCSPOOFER/YWAPI/main/images/ark/back/YW-ARK-0316.png,YKW-ARK-0316,Suu-san/Gunshin Susanoo,28702,Toys,Exclusive/Promotional Keystones,confirmed,Ark
,,YW-ARK-0317,https://raw.githubusercontent.com/NFCSPOOFER/YWAPI/main/images/ark/front/YW-ARK-0317.png,https://raw.githubusercontent.com/NFCSPOOFER/YWAPI/main/images/ark/back/YW-ARK-0317.png,YKW-ARK-0317,Ryuutou Rasetu/Ryuutou Benibana,,Toys,Exclusive/Promotional Keystones,missing,Ark
M4F,0034M4F,YW-ARK-0318,https://raw.githubusercontent.com/NFCSPOOFER/YWAPI/main/images/ark/front/YW-ARK-0318.png,https://raw.githubusercontent.com/NFCSPOOFER/YWAPI/main/images/ark/back/YW-ARK-0318.png,YKW-ARK-0318,Koumou no Komasan,28671,Toys,Exclusive/Promotional Keystones,confirmed,Ark
M4G,0035M4G,YW-ARK-0319,https://raw.githubusercontent.com/NFCSPOOFER/YWAPI/main/images/ark/front/YW-ARK-0319.png,https://raw.githubusercontent.com/NFCSPOOFER/YWAPI/main/images/ark/back/YW-ARK-0319.png,YKW-ARK-0319,Kosen Kyubi,28672,Toys,Exclusive/Promotional Keystones,confirmed,Ark
M4W,0051M4W,YW-ARK-0320,https://raw.githubusercontent.com/NFCSPOOFER/YWAPI/main/images/ark/front/YW-ARK-0320.png,https://raw.githubusercontent.com/NFCSPOOFER/YWAPI/main/images/ark/back/YW-ARK-0320.png,YKW-ARK-0320,Sakigake Merameraion,28688,Toys,Exclusive/Promotional Keystones,confirmed,Ark
M4V,0050M4V,YW-ARK-0321,https://raw.githubusercontent.com/NFCSPOOFER/YWAPI/main/images/ark/front/YW-ARK-0321.png,https://raw.githubusercontent.com/NFCSPOOFER/YWAPI/main/images/ark/back/YW-ARK-0321.png,YKW-ARK-0321,Sekka no Fubuki-hime,28687,Toys,Exclusive/Promotional Keystones,confirmed,Ark
M4H,0036M4H,YW-ARK-0322,https://raw.githubusercontent.com/NFCSPOOFER/YWAPI/main/images/ark/front/YW-ARK-0322.png,https://raw.githubusercontent.com/NFCSPOOFER/YWAPI/main/images/ark/back/YW-ARK-0322.png,YKW-ARK-0322,Hakuryu Orochi,28673,Toys,Exclusive/Promotional Keystones,confirmed,Ark
M8M,0185M8M,YW-ARK-0323,https://raw.githubusercontent.com/NFCSPOOFER/YWAPI/main/images/ark/front/YW-ARK-0323.png,https://raw.githubusercontent.com/NFCSPOOFER/YWAPI/main/images/ark/back/YW-ARK-0323.png,YKW-ARK-0323,Jibanyan,28822,Toys,Exclusive/Promotional Keystones,confirmed,Ark
M8N,0186M8N,YW-ARK-0324,https://raw.githubusercontent.com/NFCSPOOFER/YWAPI/main/images/ark/front/YW-ARK-0324.png,https://raw.githubusercontent.com/NFCSPOOFER/YWAPI/main/images/ark/back/YW-ARK-0324.png,YKW-ARK-0324,Komasan,28823,Toys,Exclusive/Promotional Keystones,confirmed,Ark
M6Q,0117M6Q,YW-ARK-0325,https://raw.githubusercontent.com/NFCSPOOFER/YWAPI/main/images/ark/front/YW-ARK-0325.png,https://raw.githubusercontent.com/NFCSPOOFER/YWAPI/main/images/ark/back/YW-ARK-0325.png,YKW-ARK-0325,Yasha Enma,28754,Other,Exclusive/Promotional Keystones,single_scan,Ark
M6R,0118M6R,YW-ARK-0326,https://raw.githubusercontent.com/NFCSPOOFER/YWAPI/main/images/ark/front/YW-ARK-0326.png,https://raw.githubusercontent.com/NFCSPOOFER/YWAPI/main/images/ark/back/YW-ARK-0326.png,YKW-ARK-0326,Enma,28755,Other,Exclusive/Promotional Keystones,conflict,Ark
M5E,0069M5E,YW-ARK-0327,https://raw.githubusercontent.com/NFCSPOOFER/YWAPI/main/images/ark/front/YW-ARK-0327.png,https://raw.githubusercontent.com/NFCSPOOFER/YWAPI/main/images/ark/back/YW-ARK-0327.png,YKW-ARK-0327,Gusto,28706,Other,Exclusive/Promotional Keystones,confirmed,Ark
M7V,0158M7V,YW-ARK-0328,https://raw.githubusercontent.com/NFCSPOOFER/YWAPI/main/images/ark/front/YW-ARK-0328.png,https://raw.githubusercontent.com/NFCSPOOFER/YWAPI/main/images/ark/back/YW-ARK-0328.png,YKW-ARK-0328,"Jibanyan, Jibanyan (SS) and Gusto",28795,Other,Exclusive/Promotional Keystones,confirmed,Ark
M8O,0187M8O,YW-ARK-0329,https://raw.githubusercontent.com/NFCSPOOFER/YWAPI/main/images/ark/front/YW-ARK-0329.png,https://raw.githubusercontent.com/NFCSPOOFER/YWAPI/main/images/ark/back/YW-ARK-0329.png,YKW-ARK-0329,Fudou Myouou Boy/Fudou Myouou-kai,28824,Other,Exclusive/Promotional Keystones,single_scan,Ark
M9D,0212M9D,YW-ARK-0330,https://raw.githubusercontent.com/NFCSPOOFER/YWAPI/main/images/ark/front/YW-ARK-0330.png,https://raw.githubusercontent.com/NFCSPOOFER/YWAPI/main/images/ark/back/YW-ARK-0330.png,YKW-ARK-0330,"Enma, Jibanyan, Komasan & Whisper",28849,Other,Exclusive/Promotional Keystones,confirmed,Ark
MBH,0288MBH,YW-ARK-0331,https://raw.githubusercontent.com/NFCSPOOFER/YWAPI/main/images/ark/front/YW-ARK-0331.png,https://raw.githubusercontent.com/NFCSPOOFER/YWAPI/main/images/ark/back/YW-ARK-0331.png,YKW-ARK-0331,Jinpei Jiba,28925,Other,Exclusive/Promotional Keystones,confirmed,Ark
MIS,0536MIS,YW-ARK-0332,https://raw.githubusercontent.com/NFCSPOOFER/YWAPI/main/images/ark/front/YW-ARK-0332.png,https://raw.githubusercontent.com/NFCSPOOFER/YWAPI/main/images/ark/back/YW-ARK-0332.png,YKW-ARK-0332,Kengo Benimaru (Holy Sword Version),29188,Other,Exclusive/Promotional Keystones,confirmed,Ark
,,YW-ARK-0333,https://raw.githubusercontent.com/NFCSPOOFER/YWAPI/main/images/ark/front/YW-ARK-0333.png,,YKW-ARK-0333,"DX Stormweaver, large toy replica of the Stormweaver",,Sacred Armory,Exclusive/Promotional Keystones,missing,Yo-seiken
MBU,0101MBU,YW-ARK-0334,https://raw.githubusercontent.com/NFCSPOOFER/YWAPI/main/images/ark/front/YW-ARK-0334.png,,YKW-ARK-0334,Small toy replica of the Stormweaver,28938,Sacred Armory,Exclusive/Promotional Keystones,single_scan,Yo-seiken
MBU,0101MBU,YW-ARK-0335,https://raw.githubusercontent.com/NFCSPOOFER/YWAPI/main/images/ark/front/YW-ARK-0335.png,,YKW-ARK-0335,Small toy replica of the Stormwaver Ver. Lord Acala: Heaven,28938,Sacred Armory,Exclusive/Promotional Keystones,confirmed,Yo-seiken
MBV,0102MBV,YW-ARK-0336,https://raw.githubusercontent.com/NFCSPOOFER/YWAPI/main/images/ark/front/YW-ARK-0336.png,https://raw.githubusercontent.com/NFCSPOOFER/YWAPI/main/images/ark/back/YW-ARK-0336.png,YKW-ARK-0336,Suzaku Soutenzan,28939,Sacred Armory,Exclusive/Promotional Keystones,confirmed,Yo-seiken
MBX,0104MBX,YW-ARK-0337,https://raw.githubusercontent.com/NFCSPOOFER/YWAPI/main/images/ark/front/YW-ARK-0337.png,https://raw.githubusercontent.com/NFCSPOOFER/YWAPI/main/images/ark/back/YW-ARK-0337.png,YKW-ARK-0337,Genbu Hotenfu,28941,Sacred Armory,Exclusive/Promotional Keystones,confirmed,Yo-seiken
MBW,0103MBW,YW-ARK-0338,https://raw.githubusercontent.com/NFCSPOOFER/YWAPI/main/images/ark/front/YW-ARK-0338.png,https://raw.githubusercontent.com/NFCSPOOFER/YWAPI/main/images/ark/back/YW-ARK-0338.png,YKW-ARK-0338,Wildfire Blaze,28940,Sacred Armory,Exclusive/Promotional Keystones,confirmed,Yo-seiken
MBY,0105MBY,YW-ARK-0339,https://raw.githubusercontent.com/NFCSPOOFER/YWAPI/main/images/ark/front/YW-ARK-0339.png,https://raw.githubusercontent.com/NFCSPOOFER/YWAPI/main/images/ark/back/YW-ARK-0339.png,YKW-ARK-0339,Tiger's Talon,28942,Sacred Armory,Exclusive/Promotional Keystones,confirmed,Yo-seiken
MC1,0108MC1,YW-ARK-0341,https://raw.githubusercontent.com/NFCSPOOFER/YWAPI/main/images/ark/front/YW-ARK-0341.png,https://raw.githubusercontent.com/NFCSPOOFER/YWAPI/main/images/ark/back/YW-ARK-0341.png,YKW-ARK-0341,Golden Stormweaver,28945,Sacred Armory,Exclusive/Promotional Keystones,confirmed,Yo-seiken
MBZ,0106MBZ,YW-ARK-0340,https://raw.githubusercontent.com/NFCSPOOFER/YWAPI/main/images/ark/front/YW-ARK-0340.png,https://raw.githubusercontent.com/NFCSPOOFER/YWAPI/main/images/ark/back/YW-ARK-0340.png,YKW-ARK-0340,Enma Blade,28943,Sacred Armory,Exclusive/Promotional Keystones,confirmed,Yo-seiken
MC0,0107MC0,YW-ARK-0342,https://raw.githubusercontent.com/NFCSPOOFER/YWAPI/main/images/ark/front/YW-ARK-0342.png,https://raw.githubusercontent.com/NFCSPOOFER/YWAPI/main/images/ark/back/YW-ARK-0342.png,YKW-ARK-0342,Jaou Ken,28944,Sacred Armory,Exclusive/Promotional Keystones,confirmed,Yo-seiken
MIX,0541MIX,YW-ARK-0343,https://raw.githubusercontent.com/NFCSPOOFER/YWAPI/main/images/ark/front/YW-ARK-0343.png,https://raw.githubusercontent.com/NFCSPOOFER/YWAPI/main/images/ark/back/YW-ARK-0343.png,YKW-ARK-0343,Awakened Enma / Kakusei Enma,29193,Other,Exclusive/Promotional Keystones,confirmed,Ark
